n_cert,method,tau,repetitions,mean_support,finite_rate,pac_valid_rate,mean_true_coverage,mean_threshold_finite,mean_candidate_true_coverage,sd_candidate_true_coverage,mean_lower_bound,mean_successes
1000,direct_pac_split_matched,,100,29.75,0.03,1,0.9989161410647622,0.9031057332707656,0.9989161410647622,0.00718657244387462,0.027115542184140785,1.37
1000,direct_pac_total_budget,,100,35.56,0.1,1,0.9978158672308496,0.9475666684239352,0.9978158672308496,0.00844365728895309,0.0907563812294745,4.76
1000,independent_mondrian_total_budget,,100,35.56,1,0.64,0.9131015914179629,0.8024336148279045,,,,
1000,ordinal_candidate_plus_cp_certification,0.9,100,29.75,0,1,1.0,,0.9072442528679114,0.04129296311590096,0.7193275930716,27.18
1000,ordinal_candidate_plus_cp_certification,0.93,100,29.75,0.01,1,0.9996314034348633,0.8776703035435772,0.9389572001804848,0.03407135806337529,0.7654073549881468,28.12
1000,ordinal_candidate_plus_cp_certification,0.95,100,29.75,0.01,1,0.9996314034348633,0.8776703035435772,0.9590229449914698,0.028031430792927064,0.7910939072937421,28.63
1000,ordinal_candidate_plus_cp_certification,0.97,100,29.75,0.01,1,0.9997808522994337,0.9231434703735121,0.9775376190821173,0.020725685758291073,0.8041168379596676,28.75
1000,ordinal_pooled_candidate_uncertified,0.9,100,45.03,1,0.63,0.9072442528679114,0.7932609637626898,0.9072442528679114,0.04129296311590096,,
1000,ordinal_pooled_candidate_uncertified,0.93,100,45.03,1,0.85,0.9389572001804848,0.8440250414490672,0.9389572001804848,0.03407135806337529,,
1000,ordinal_pooled_candidate_uncertified,0.95,100,45.03,1,0.94,0.9590229449914698,0.8883113767047792,0.9590229449914698,0.028031430792927064,,
1000,ordinal_pooled_candidate_uncertified,0.97,100,45.03,0.99,1,0.9775376190821173,0.9546793248220277,0.9775376190821173,0.020725685758291073,,
2000,direct_pac_split_matched,,100,61.34,1,0.98,0.9776627680324964,0.9501923629076037,0.9776627680324964,0.020840935893613736,0.9151456792216316,60.93
2000,direct_pac_total_budget,,100,67.45,1,0.98,0.9744207503925759,0.9333178503455163,0.9744207503925759,0.02124223335702168,0.9133703797483644,66.71
2000,independent_mondrian_total_budget,,100,67.45,1,0.66,0.9055403062062921,0.7894580623992653,,,,
2000,ordinal_candidate_plus_cp_certification,0.9,100,61.34,0.02,1,0.998724787329049,0.8354379193637244,0.9085295620037375,0.03851561075200051,0.7949151534252903,55.97
2000,ordinal_candidate_plus_cp_certification,0.93,100,61.34,0.15,1,0.9950289677191121,0.8949325412052388,0.9401095040502527,0.03229872998051452,0.8346570447731783,57.74
2000,ordinal_candidate_plus_cp_certification,0.95,100,61.34,0.23,1,0.9950291432371978,0.9364786308791004,0.9592957480466042,0.026775647935772313,0.8583226856893811,58.76
2000,ordinal_candidate_plus_cp_certification,0.97,100,61.34,0.54,1,0.9941516412105846,1.0052329130042212,0.9774445987600564,0.020866008078050377,0.8893847912276043,59.96
2000,ordinal_pooled_candidate_uncertified,0.9,100,46.16,1,0.67,0.9085295620037375,0.7932437495742756,0.9085295620037375,0.03851561075200051,,
2000,ordinal_pooled_candidate_uncertified,0.93,100,46.16,1,0.9,0.9401095040502527,0.8425918091554784,0.9401095040502527,0.03229872998051452,,
2000,ordinal_pooled_candidate_uncertified,0.95,100,46.16,1,0.95,0.9592957480466042,0.8837063500877709,0.9592957480466042,0.026775647935772313,,
2000,ordinal_pooled_candidate_uncertified,0.97,100,46.16,1,0.99,0.9774445987600564,0.954954396744308,0.9774445987600564,0.020866008078050377,,
5000,direct_pac_split_matched,,100,150.43,1,0.98,0.9521221272852715,0.8587183879187332,0.9521221272852715,0.018522839371063724,0.9051663950680645,144.34
5000,direct_pac_total_budget,,100,156.88,1,0.98,0.9511320974130986,0.8560667830594584,0.9511320974130986,0.017768220742791854,0.9040670169826178,150.23
5000,independent_mondrian_total_budget,,100,156.88,1,0.6,0.9038286973280777,0.7834855830572844,,,,
5000,ordinal_candidate_plus_cp_certification,0.9,100,150.43,0.2,1,0.9909726232290796,0.8613790688206283,0.9039073318474421,0.0480408266295693,0.8354606947575463,135.86
5000,ordinal_candidate_plus_cp_certification,0.93,100,150.43,0.44,1,0.984174371084963,0.8875231098208274,0.9366905690905738,0.0392565596570442,0.8766879074439096,140.76
5000,ordinal_candidate_plus_cp_certification,0.95,100,150.43,0.63,1,0.983615803188842,0.926158876796877,0.9557984852585606,0.035050719842277436,0.9041273970334746,143.86
5000,ordinal_candidate_plus_cp_certification,0.97,100,150.43,0.86,1,0.9865120854487317,0.9844452403906481,0.9793821092743762,0.021422194277778837,0.9070794226682287,142.69
5000,ordinal_pooled_candidate_uncertified,0.9,100,45.91,1,0.59,0.9039073318474421,0.7911780777278449,0.9039073318474421,0.0480408266295693,,
5000,ordinal_pooled_candidate_uncertified,0.93,100,45.91,1,0.83,0.9366905690905738,0.840054545831354,0.9366905690905738,0.0392565596570442,,
5000,ordinal_pooled_candidate_uncertified,0.95,100,45.91,1,0.93,0.9557984852585606,0.8852459561573213,0.9557984852585606,0.035050719842277436,,
5000,ordinal_pooled_candidate_uncertified,0.97,100,45.91,0.97,1,0.9793821092743762,0.9666816203896107,0.9793821092743762,0.021422194277778837,,
10000,direct_pac_split_matched,,100,297.54,1,1,0.9395311453585986,0.831696244302456,0.9395311453585986,0.011859432753347483,0.9018746979207015,280.13
10000,direct_pac_total_budget,,100,303.56,1,1,0.9396463026372963,0.8319334641798218,0.9396463026372963,0.012084070764651162,0.9020243154262826,285.72
10000,independent_mondrian_total_budget,,100,303.56,1,0.54,0.9021996670354143,0.7799727437726841,,,,
10000,ordinal_candidate_plus_cp_certification,0.9,100,297.54,0.23,1,0.9894603358077247,0.8598024443981834,0.9020892649140958,0.04786252866107599,0.8553369715360581,268.12
10000,ordinal_candidate_plus_cp_certification,0.93,100,297.54,0.51,1,0.9825941894567944,0.8955657062337931,0.9384177253348646,0.036665334227345664,0.8990504679943854,279.04
10000,ordinal_candidate_plus_cp_certification,0.95,100,297.54,0.75,1,0.9789653703774609,0.9179325263989904,0.9583584995791848,0.031133431052597457,0.9249652544402978,285.22
10000,ordinal_candidate_plus_cp_certification,0.97,100,297.54,0.9,1,0.9848026384923522,0.9762312416950152,0.9793172460273047,0.022044684591823238,0.9232396183449871,282.13
10000,ordinal_pooled_candidate_uncertified,0.9,100,45.63,1,0.6,0.9020892649140958,0.7884702363458045,0.9020892649140958,0.04786252866107599,,
10000,ordinal_pooled_candidate_uncertified,0.93,100,45.63,1,0.84,0.9384177253348646,0.8446760555038797,0.9384177253348646,0.036665334227345664,,
10000,ordinal_pooled_candidate_uncertified,0.95,100,45.63,1,0.95,0.9583584995791848,0.8888437053260915,0.9583584995791848,0.031133431052597457,,
10000,ordinal_pooled_candidate_uncertified,0.97,100,45.63,0.97,0.99,0.9793172460273047,0.9638748165025598,0.9793172460273047,0.022044684591823238,,
20000,direct_pac_split_matched,,100,601.44,1,0.99,0.9275293881651919,0.8125242789850651,0.9275293881651919,0.011596741889262416,0.9010022808842773,558.81
20000,direct_pac_total_budget,,100,607.32,1,0.99,0.9273343874540085,0.8122115678030605,0.9273343874540085,0.011426707737231978,0.9009063196511343,564.14
20000,independent_mondrian_total_budget,,100,607.32,1,0.58,0.9012142226312548,0.7783546402613349,,,,
20000,ordinal_candidate_plus_cp_certification,0.9,100,601.44,0.33,1,0.9822069385792516,0.8460878641282432,0.9022320392330652,0.04160439118985089,0.8714942018505809,542.63
20000,ordinal_candidate_plus_cp_certification,0.93,100,601.44,0.65,1,0.9700130395750278,0.8659666765297933,0.9349973792512232,0.034208299596282805,0.9090388069221552,562.39
20000,ordinal_candidate_plus_cp_certification,0.95,100,601.44,0.86,1,0.966753881409661,0.8906732123952895,0.9523787261088151,0.031713588446674906,0.9305375269364148,573.31
20000,ordinal_candidate_plus_cp_certification,0.97,100,601.44,0.93,1,0.9792930559985251,0.9569464624857112,0.9740783319813969,0.024041908494655432,0.9466189343458614,580.02
20000,ordinal_pooled_candidate_uncertified,0.9,100,45.14,1,0.52,0.9022320392330652,0.7874181021696237,0.9022320392330652,0.04160439118985089,,
20000,ordinal_pooled_candidate_uncertified,0.93,100,45.14,1,0.86,0.9349973792512232,0.8355006575791756,0.9349973792512232,0.034208299596282805,,
20000,ordinal_pooled_candidate_uncertified,0.95,100,45.14,1,0.94,0.9523787261088151,0.8747408932327573,0.9523787261088151,0.031713588446674906,,
20000,ordinal_pooled_candidate_uncertified,0.97,100,45.14,0.99,0.98,0.9740783319813969,0.9470660737551199,0.9740783319813969,0.024041908494655432,,
