n_str,repetition,m4,e4,n4,h4,epsilon4,epsilon4_h0,epsilon4_h1,epsilon4_h2,alpha_minus_epsilon4,N4_star,mondrian_rank,approx_rank,certified_rank,mondrian_finite,approx_finite,certified_finite,mondrian_coverage,approx_coverage,certified_coverage
500,0,9,0.5425412102395765,2,0,0.0,0.0,0.9025143274258931,0.9025143274258931,0.1,2,,,,0,0,0,1.0,1.0,1.0
1000,0,29,0.3022421205312754,2,0,0.0,0.0,0.6908198380219936,0.6908198380219936,0.1,2,,,,0,0,0,1.0,1.0,1.0
2000,0,61,0.20839585138227815,2,0,0.0,0.0,0.4099246237349937,0.42564043494175824,0.1,2,,,,0,0,0,1.0,1.0,1.0
5000,0,152,0.13201770922060185,2,0,0.0,0.0,0.31902348534959674,0.31902348534959674,0.1,2,,,,0,0,0,1.0,1.0,1.0
10000,0,285,0.09641210310704186,2,0,0.0,0.0,0.19114894369409874,0.1997765842163028,0.1,2,,,,0,0,0,1.0,1.0,1.0
20000,0,616,0.06557882492117587,2,0,0.0,0.0,0.15850385467644731,0.1644607754001907,0.1,2,,,,0,0,0,1.0,1.0,1.0
50000,0,1524,0.0416928423025004,2,1,0.09821497113026793,0.0,0.09821497113026793,0.10549955635353597,0.001785028869732072,45,,42,,0,1,0,1.0,0.8829187396351575,1.0
500,1,8,0.5754518532503412,2,0,0.0,0.0,1.0,1.0,0.1,2,,,,0,0,0,1.0,1.0,1.0
1000,1,15,0.42025061437781924,2,0,0.0,0.0,0.8957815224817529,0.8957815224817529,0.1,2,,,,0,0,0,1.0,1.0,1.0
2000,1,41,0.2541921053481353,2,0,0.0,0.0,0.5222196283474864,0.5222196283474864,0.1,2,,,,0,0,0,1.0,1.0,1.0
5000,1,134,0.14060526633080056,2,0,0.0,0.0,0.3153017479189546,0.3153017479189546,0.1,2,,,,0,0,0,1.0,1.0,1.0
10000,1,316,0.09156098270914645,2,0,0.0,0.0,0.17201654833166263,0.173700553160185,0.1,2,,,,0,0,0,1.0,1.0,1.0
20000,1,609,0.06595463788278744,2,0,0.0,0.0,0.15175457688811386,0.1633401535943994,0.1,2,,,,0,0,0,1.0,1.0,1.0
50000,1,1520,0.04174766526149143,2,2,0.08471544195447149,0.0,0.07808358907896182,0.08471544195447149,0.015284558045528515,81,,74,81,0,1,1,1.0,0.9457364341085271,0.9780361757105943
500,2,17,0.39475671460027256,4,0,0.0,0.0,0.7706712908040598,0.7890484055061842,0.1,4,,,,0,0,0,1.0,1.0,1.0
1000,2,26,0.319203255916136,4,0,0.0,0.0,0.5242617618866448,0.6255033947893004,0.1,4,,,,0,0,0,1.0,1.0,1.0
2000,2,57,0.21558401640106428,4,0,0.0,0.0,0.42856060525950634,0.5263551357643026,0.1,4,,,,0,0,0,1.0,1.0,1.0
5000,2,158,0.12948678353148335,4,0,0.0,0.0,0.2627722944665577,0.28276068954387307,0.1,4,,,,0,0,0,1.0,1.0,1.0
10000,2,288,0.09590864220839021,4,0,0.0,0.0,0.1887479335234669,0.19837078220000648,0.1,4,,,,0,0,0,1.0,1.0,1.0
20000,2,556,0.06902661726305735,4,0,0.0,0.0,0.1230310800434515,0.13117868096328988,0.1,4,,,,0,0,0,1.0,1.0,1.0
50000,2,1463,0.042553160699194466,4,2,0.07721772923323973,0.0,0.0750641134905706,0.07721772923323973,0.022782270766760274,98,,90,97,0,1,1,1.0,0.8377460964019009,0.9585879158180584
500,3,17,0.39475671460027256,6,0,0.0,0.0,0.6780112179253508,0.7082347716414232,0.1,6,,,,0,0,0,1.0,1.0,1.0
1000,3,35,0.275118607319722,6,0,0.0,0.0,0.5868489668393548,0.5868489668393548,0.1,6,,,,0,0,0,1.0,1.0,1.0
2000,3,61,0.20839585138227815,6,0,0.0,0.0,0.3768581418579341,0.43691655895659687,0.1,6,,,,0,0,0,1.0,1.0,1.0
5000,3,130,0.14275203577354842,6,0,0.0,0.0,0.28052281763183934,0.2806273854115148,0.1,6,,,,0,0,0,1.0,1.0,1.0
10000,3,313,0.09199872695455544,6,0,0.0,0.0,0.18519495109592404,0.1908182663689958,0.1,6,,,,0,0,0,1.0,1.0,1.0
20000,3,598,0.06655847987246359,6,0,0.0,0.0,0.13646002967632836,0.1466125450339597,0.1,6,,,,0,0,0,1.0,1.0,1.0
50000,3,1462,0.04256771127602566,6,1,0.07336297608483683,0.0,0.07336297608483683,0.08934265394888427,0.026637023915163177,53,,49,53,0,1,1,1.0,0.8689162881245944,0.9990266060999351
500,4,22,0.3470105240265526,6,0,0.0,0.0,0.8660734908985714,0.8660734908985714,0.1,6,,,,0,0,0,1.0,1.0,1.0
1000,4,34,0.2791351498127753,6,0,0.0,0.0,0.643474504920314,0.643474504920314,0.1,6,,,,0,0,0,1.0,1.0,1.0
2000,4,59,0.21189854796992597,6,0,0.0,0.0,0.48670553120635063,0.48670553120635063,0.1,6,,,,0,0,0,1.0,1.0,1.0
5000,4,155,0.13073387603717462,6,0,0.0,0.0,0.2366337378779847,0.2366337378779847,0.1,6,,,,0,0,0,1.0,1.0,1.0
10000,4,309,0.09259227328500041,6,0,0.0,0.0,0.1610453346713384,0.17438587867291994,0.1,6,,,,0,0,0,1.0,1.0,1.0
20000,4,637,0.06448879623860707,6,0,0.0,0.0,0.11708167328516253,0.12634947953669165,0.1,6,,,,0,0,0,1.0,1.0,1.0
50000,4,1549,0.04135502404465549,6,1,0.09591145741151207,0.0,0.09591145741151207,0.10883260092909577,0.0040885425884879395,56,,52,,0,1,0,1.0,0.846307385229541,1.0
500,5,20,0.3639477080072093,3,0,0.0,0.0,0.6918351290499447,0.7455046627844258,0.1,3,,,,0,0,0,1.0,1.0,1.0
1000,5,40,0.25734989232919925,3,0,0.0,0.0,0.5381622178992063,0.5381622178992063,0.1,3,,,,0,0,0,1.0,1.0,1.0
2000,5,48,0.2349272353337136,3,0,0.0,0.0,0.45130841686965006,0.45130841686965006,0.1,3,,,,0,0,0,1.0,1.0,1.0
5000,5,149,0.13334012328758782,3,0,0.0,0.0,0.27492520325287234,0.28982159935184054,0.1,3,,,,0,0,0,1.0,1.0,1.0
10000,5,276,0.0979714296433156,3,0,0.0,0.0,0.17782977741426825,0.17782977741426825,0.1,3,,,,0,0,0,1.0,1.0,1.0
20000,5,582,0.06746717011573962,3,0,0.0,0.0,0.12542446538360832,0.1275267699338284,0.1,3,,,,0,0,0,1.0,1.0,1.0
50000,5,1517,0.041788924700250134,3,2,0.09096315296551172,0.0,0.08693361625070413,0.09096315296551172,0.009036847034488288,87,,80,,0,1,0,1.0,0.8325106943073379,1.0
500,6,10,0.5146997846583985,7,0,0.0,0.0,0.8543651933260924,0.9257568619213279,0.1,7,,,,0,0,0,1.0,1.0,1.0
1000,6,34,0.2791351498127753,7,0,0.0,0.0,0.5246340590177928,0.5492973200966553,0.1,7,,,,0,0,0,1.0,1.0,1.0
2000,6,53,0.22357129981173743,7,0,0.0,0.0,0.5485258449129498,0.5485258449129498,0.1,7,,,,0,0,0,1.0,1.0,1.0
5000,6,150,0.13289491295190142,7,0,0.0,0.0,0.26168134617240757,0.2945123820381271,0.1,7,,,,0,0,0,1.0,1.0,1.0
10000,6,284,0.09658169356899368,7,0,0.0,0.0,0.20795559636917932,0.20795559636917932,0.1,7,,,,0,0,0,1.0,1.0,1.0
20000,6,607,0.06606320526142778,7,0,0.0,0.0,0.129431533255915,0.1420978414778269,0.1,7,,,,0,0,0,1.0,1.0,1.0
50000,6,1500,0.042025061437781924,7,2,0.08121156659034519,0.0,0.0746146524317183,0.08121156659034519,0.018788433409654817,107,,98,106,0,1,1,1.0,0.8817385444743935,0.9818059299191375
500,7,12,0.4698544706674272,6,0,0.0,0.0,0.7858371298054008,0.8368451317133929,0.1,6,,,,0,0,0,1.0,1.0,1.0
1000,7,36,0.27127060511978823,6,0,0.0,0.0,0.522869889292098,0.522869889292098,0.1,6,,,,0,0,0,1.0,1.0,1.0
2000,7,60,0.21012530718890962,6,0,0.0,0.0,0.4050375377922261,0.42900753341016695,0.1,6,,,,0,0,0,1.0,1.0,1.0
5000,7,159,0.12907895012938111,6,0,0.0,0.0,0.26675897507865287,0.26675897507865287,0.1,6,,,,0,0,0,1.0,1.0,1.0
10000,7,313,0.09199872695455544,6,0,0.0,0.0,0.16841142216393368,0.18752872786563166,0.1,6,,,,0,0,0,1.0,1.0,1.0
20000,7,597,0.06661420066905592,6,0,0.0,0.0,0.1303461224206104,0.1545151780814422,0.1,6,,,,0,0,0,1.0,1.0,1.0
50000,7,1518,0.041775157964676346,6,2,0.0948541082675797,0.0,0.08982208969494623,0.0948541082675797,0.005145891732420305,105,,96,,0,1,0,1.0,0.8410814375206067,1.0
500,8,17,0.39475671460027256,11,0,0.0,0.0,0.732973639151044,0.7405528689323504,0.1,11,11,11,11,1,1,1,0.9854972375690608,0.9854972375690608,0.9854972375690608
1000,8,41,0.2541921053481353,11,0,0.0,0.0,0.560513092248889,0.560513092248889,0.1,11,11,11,11,1,1,1,0.9854972375690608,0.9854972375690608,0.9854972375690608
2000,8,66,0.20034661945836324,11,0,0.0,0.0,0.392631260932872,0.392631260932872,0.1,11,11,11,11,1,1,1,0.9854972375690608,0.9854972375690608,0.9854972375690608
5000,8,159,0.12907895012938111,11,0,0.0,0.0,0.23564943265381288,0.23564943265381288,0.1,11,11,11,11,1,1,1,0.9854972375690608,0.9854972375690608,0.9854972375690608
10000,8,318,0.09127260094492558,11,0,0.0,0.0,0.15896801407585426,0.18664505957604743,0.1,11,11,11,11,1,1,1,0.9854972375690608,0.9854972375690608,0.9854972375690608
20000,8,596,0.06667006164379391,11,0,0.0,0.0,0.1489535350769978,0.1489535350769978,0.1,11,11,11,11,1,1,1,0.9854972375690608,0.9854972375690608,0.9854972375690608
50000,8,1525,0.04167917027645563,11,2,0.0816735654230581,0.0,0.07555639350886062,0.0816735654230581,0.0183264345769419,93,11,85,93,1,1,1,0.9854972375690608,0.943024861878453,0.9886049723756906
500,9,10,0.5146997846583985,4,0,0.0,0.0,0.9490957193253187,0.9490957193253187,0.1,4,,,,0,0,0,1.0,1.0,1.0
1000,9,25,0.32552472614374584,4,0,0.0,0.0,0.5558356229719708,0.5740700356129332,0.1,4,,,,0,0,0,1.0,1.0,1.0
2000,9,67,0.19884587458609926,4,0,0.0,0.0,0.4350672008559658,0.4350672008559658,0.1,4,,,,0,0,0,1.0,1.0,1.0
5000,9,147,0.13424413447640776,4,0,0.0,0.0,0.27752400388271736,0.27752400388271736,0.1,4,,,,0,0,0,1.0,1.0,1.0
10000,9,318,0.09127260094492558,4,0,0.0,0.0,0.16904878588543637,0.16904878588543637,0.1,4,,,,0,0,0,1.0,1.0,1.0
20000,9,554,0.06915110179567632,4,0,0.0,0.0,0.13869468811042476,0.13869468811042476,0.1,4,,,,0,0,0,1.0,1.0,1.0
50000,9,1477,0.04235100677349378,4,2,0.0823850247784532,0.0,0.0823850247784532,0.0823850247784532,0.0176149752215468,88,,81,88,0,1,1,1.0,0.8837441705529647,0.9943371085942705
500,10,10,0.5146997846583985,8,0,0.0,0.0,0.8837016757979927,0.8837016757979927,0.1,8,,,,0,0,0,1.0,1.0,1.0
1000,10,29,0.3022421205312754,8,0,0.0,0.0,0.5119210779682571,0.5119210779682571,0.1,8,,,,0,0,0,1.0,1.0,1.0
2000,10,70,0.19453823286637434,8,0,0.0,0.0,0.44999612786301674,0.44999612786301674,0.1,8,,,,0,0,0,1.0,1.0,1.0
5000,10,131,0.1422061368876321,8,0,0.0,0.0,0.28886636572451696,0.28886636572451696,0.1,8,,,,0,0,0,1.0,1.0,1.0
10000,10,279,0.0974432779270511,8,0,0.0,0.0,0.19028978532755592,0.19028978532755592,0.1,8,,,,0,0,0,1.0,1.0,1.0
20000,10,615,0.06563211938338195,8,0,0.0,0.0,0.13050262589877054,0.13050262589877054,0.1,8,,,,0,0,0,1.0,1.0,1.0
50000,10,1483,0.04226524696876972,8,2,0.09340506279753741,0.0,0.08646492520439297,0.09340506279753741,0.006594937202462597,89,,81,,0,1,0,1.0,0.8489548213081591,1.0
500,11,12,0.4698544706674272,6,0,0.0,0.0,0.9035117983800596,0.9035117983800596,0.1,6,,,,0,0,0,1.0,1.0,1.0
1000,11,29,0.3022421205312754,6,0,0.0,0.0,0.569730691354855,0.569730691354855,0.1,6,,,,0,0,0,1.0,1.0,1.0
2000,11,47,0.2374133070565597,6,0,0.0,0.0,0.5784400524057952,0.6060608896359372,0.1,6,,,,0,0,0,1.0,1.0,1.0
5000,11,146,0.13470309012111864,6,0,0.0,0.0,0.24605151737195446,0.248599200853326,0.1,6,,,,0,0,0,1.0,1.0,1.0
10000,11,303,0.0935045344601037,6,0,0.0,0.0,0.17113619195995253,0.18479606669947607,0.1,6,,,,0,0,0,1.0,1.0,1.0
20000,11,604,0.06622706629510566,6,0,0.0,0.0,0.129235944615264,0.13412276373410303,0.1,6,,,,0,0,0,1.0,1.0,1.0
50000,11,1531,0.041597419618588094,6,2,0.08533428176563686,0.0,0.08024593127493833,0.08533428176563686,0.014665718234363148,89,,81,89,0,1,1,1.0,0.8811544991511036,0.9915110356536503
500,12,13,0.4514215736702495,9,0,0.0,0.0,0.8497242990952845,0.8497242990952845,0.1,9,9,9,9,1,1,1,0.7862295081967213,0.7862295081967213,0.7862295081967213
1000,12,32,0.2877259266251706,9,0,0.0,0.0,0.5336842130766334,0.5336842130766334,0.1,9,9,9,9,1,1,1,0.7862295081967213,0.7862295081967213,0.7862295081967213
2000,12,56,0.2175003564559484,9,0,0.0,0.0,0.4692697378753564,0.4692697378753564,0.1,9,9,9,9,1,1,1,0.7862295081967213,0.7862295081967213,0.7862295081967213
5000,12,139,0.1380532345261147,9,0,0.0,0.0,0.28492986147296356,0.330632443403658,0.1,9,9,9,9,1,1,1,0.7862295081967213,0.7862295081967213,0.7862295081967213
10000,12,292,0.09524946847142562,9,0,0.0,0.0,0.17874219403817887,0.1857067946705449,0.1,9,9,9,9,1,1,1,0.7862295081967213,0.7862295081967213,0.7862295081967213
20000,12,604,0.06622706629510566,9,0,0.0,0.0,0.12117719310558342,0.135456295070708,0.1,9,9,9,9,1,1,1,0.7862295081967213,0.7862295081967213,0.7862295081967213
50000,12,1443,0.04284703961042931,9,1,0.09383796932569013,0.0,0.09383796932569013,0.10594210027704938,0.006162030674309871,48,9,45,,1,1,0,0.7862295081967213,0.8937704918032787,1.0
500,13,19,0.3734024697064055,4,0,0.0,0.0,0.8586066312278369,0.8586066312278369,0.1,4,,,,0,0,0,1.0,1.0,1.0
1000,13,29,0.3022421205312754,4,0,0.0,0.0,0.5971983287813087,0.5971983287813087,0.1,4,,,,0,0,0,1.0,1.0,1.0
2000,13,51,0.22791289543887963,4,0,0.0,0.0,0.5227902764167102,0.5227902764167102,0.1,4,,,,0,0,0,1.0,1.0,1.0
5000,13,150,0.13289491295190142,4,0,0.0,0.0,0.24115425154970568,0.24115425154970568,0.1,4,,,,0,0,0,1.0,1.0,1.0
10000,13,320,0.09098692700180233,4,0,0.0,0.0,0.16968474682098297,0.1778652518477779,0.1,4,,,,0,0,0,1.0,1.0,1.0
20000,13,623,0.06520936381265156,4,0,0.0,0.0,0.13114409158591256,0.13114409158591256,0.1,4,,,,0,0,0,1.0,1.0,1.0
50000,13,1423,0.04314709257322154,4,1,0.07630772623833271,0.0,0.07630772623833271,0.09245606216497977,0.0236922737616673,42,,39,42,0,1,1,1.0,0.8468256634195499,0.9714477662075915
500,14,14,0.4350007129118968,3,0,0.0,0.0,0.8254022498893885,0.8491541851144212,0.1,3,,,,0,0,0,1.0,1.0,1.0
1000,14,31,0.2923298337811533,3,0,0.0,0.0,0.5411804104520738,0.5449537111993625,0.1,3,,,,0,0,0,1.0,1.0,1.0
2000,14,46,0.23998001199710536,3,0,0.0,0.0,0.3966307506386476,0.39971877759251884,0.1,3,,,,0,0,0,1.0,1.0,1.0
5000,14,144,0.13563530255989412,3,0,0.0,0.0,0.2847455406695701,0.2847455406695701,0.1,3,,,,0,0,0,1.0,1.0,1.0
10000,14,299,0.09412790492657468,3,0,0.0,0.0,0.16359221900149146,0.18890470340786936,0.1,3,,,,0,0,0,1.0,1.0,1.0
20000,14,577,0.06775885833323897,3,0,0.0,0.0,0.12602362885842,0.1271244378488116,0.1,3,,,,0,0,0,1.0,1.0,1.0
50000,14,1579,0.0409602804505502,3,2,0.09095146957270493,0.0,0.08649948183912581,0.09095146957270493,0.009048530427295073,85,,78,,0,1,0,1.0,0.84487901889294,1.0
500,15,17,0.39475671460027256,6,0,0.0,0.0,0.751993899857514,0.751993899857514,0.1,6,,,,0,0,0,1.0,1.0,1.0
1000,15,33,0.28333290641361875,6,0,0.0,0.0,0.5196467752258445,0.5196467752258445,0.1,6,,,,0,0,0,1.0,1.0,1.0
2000,15,58,0.21371745298786668,6,0,0.0,0.0,0.3999482467042837,0.3999482467042837,0.1,6,,,,0,0,0,1.0,1.0,1.0
5000,15,157,0.129898507252619,6,0,0.0,0.0,0.26338559427764385,0.26338559427764385,0.1,6,,,,0,0,0,1.0,1.0,1.0
10000,15,278,0.09761837829815252,6,0,0.0,0.0,0.1754787083513408,0.1754787083513408,0.1,6,,,,0,0,0,1.0,1.0,1.0
20000,15,565,0.06847464078455237,6,0,0.0,0.0,0.134630565580911,0.134630565580911,0.1,6,,,,0,0,0,1.0,1.0,1.0
50000,15,1533,0.041570276111868344,6,2,0.09429205810694019,0.0,0.08609320458993922,0.09429205810694019,0.005707941893059815,98,,90,,0,1,0,1.0,0.89633542423242,1.0
500,16,15,0.42025061437781924,9,0,0.0,0.0,0.7155982252571713,0.7293334700366296,0.1,9,9,9,9,1,1,1,0.982605841811618,0.982605841811618,0.982605841811618
1000,16,23,0.33938298766476444,9,0,0.0,0.0,0.6625194661082658,0.6625194661082658,0.1,9,9,9,9,1,1,1,0.982605841811618,0.982605841811618,0.982605841811618
2000,16,67,0.19884587458609926,9,0,0.0,0.0,0.346161105108607,0.3727223655698485,0.1,9,9,9,9,1,1,1,0.982605841811618,0.982605841811618,0.982605841811618
5000,16,155,0.13073387603717462,9,0,0.0,0.0,0.29142042627449516,0.29142042627449516,0.1,9,9,9,9,1,1,1,0.982605841811618,0.982605841811618,0.982605841811618
10000,16,292,0.09524946847142562,9,0,0.0,0.0,0.18224481549450977,0.18224481549450977,0.1,9,9,9,9,1,1,1,0.982605841811618,0.982605841811618,0.982605841811618
20000,16,547,0.06959216113048748,9,0,0.0,0.0,0.12011485738179914,0.13636371109578,0.1,9,9,9,9,1,1,1,0.982605841811618,0.982605841811618,0.982605841811618
50000,16,1484,0.042251004256665635,9,2,0.0817316627767524,0.0,0.0817316627767524,0.0817316627767524,0.01826833722324761,104,9,95,104,1,1,1,0.982605841811618,0.9107318674105678,0.982605841811618
500,17,21,0.3551765947936871,1,0,0.0,0.0,0.694334434222512,0.7127008626274647,0.1,1,,,,0,0,0,1.0,1.0,1.0
1000,17,26,0.319203255916136,1,0,0.0,0.0,0.5980416757272148,0.5980416757272148,0.1,1,,,,0,0,0,1.0,1.0,1.0
2000,17,51,0.22791289543887963,1,0,0.0,0.0,0.46290403708710803,0.46290403708710803,0.1,1,,,,0,0,0,1.0,1.0,1.0
5000,17,137,0.13905727127853038,1,0,0.0,0.0,0.23699674066328175,0.27974060289857144,0.1,1,,,,0,0,0,1.0,1.0,1.0
10000,17,291,0.09541298699261173,1,0,0.0,0.0,0.1982627650803525,0.1982627650803525,0.1,1,,,,0,0,0,1.0,1.0,1.0
20000,17,596,0.06667006164379391,1,0,0.0,0.0,0.11259144541729192,0.13728030339538955,0.1,1,,,,0,0,0,1.0,1.0,1.0
50000,17,1490,0.04216584930764364,1,2,0.09112639681952092,0.0,0.08479503357032658,0.09112639681952092,0.008873603180479084,84,,77,,0,1,0,1.0,0.8929400066291018,1.0
500,18,8,0.5754518532503412,6,0,0.0,0.0,1.0,1.0,0.1,6,,,,0,0,0,1.0,1.0,1.0
1000,18,39,0.26062836707652304,6,0,0.0,0.0,0.4546554228213562,0.4546554228213562,0.1,6,,,,0,0,0,1.0,1.0,1.0
2000,18,55,0.21946872559449798,6,0,0.0,0.0,0.434317007339846,0.434317007339846,0.1,6,,,,0,0,0,1.0,1.0,1.0
5000,18,145,0.13516678543432334,6,0,0.0,0.0,0.2909012729664601,0.30719873923273733,0.1,6,,,,0,0,0,1.0,1.0,1.0
10000,18,333,0.0891932255348093,6,0,0.0,0.0,0.16366508893523912,0.17383201183303887,0.1,6,,,,0,0,0,1.0,1.0,1.0
20000,18,617,0.06552566007666777,6,0,0.0,0.0,0.11236472648582456,0.11361211786317879,0.1,6,,,,0,0,0,1.0,1.0,1.0
50000,18,1486,0.04222256197524865,6,1,0.08510517907291211,0.0,0.08510517907291211,0.09684920128285787,0.014894820927087896,41,,38,,0,1,0,1.0,0.8485162180814355,1.0
500,19,15,0.42025061437781924,7,0,0.0,0.0,0.849829301401011,0.849829301401011,0.1,7,,,,0,0,0,1.0,1.0,1.0
1000,19,24,0.33223728237975353,7,0,0.0,0.0,0.5908120006475099,0.605004741942647,0.1,7,,,,0,0,0,1.0,1.0,1.0
2000,19,67,0.19884587458609926,7,0,0.0,0.0,0.37637742753032966,0.37637742753032966,0.1,7,,,,0,0,0,1.0,1.0,1.0
5000,19,155,0.13073387603717462,7,0,0.0,0.0,0.2470662436167681,0.29616220656958725,0.1,7,,,,0,0,0,1.0,1.0,1.0
10000,19,319,0.09112942814941934,7,0,0.0,0.0,0.16613323062068405,0.17770155993801887,0.1,7,,,,0,0,0,1.0,1.0,1.0
20000,19,576,0.06781765127994706,7,0,0.0,0.0,0.14317133945010307,0.1455176477339013,0.1,7,,,,0,0,0,1.0,1.0,1.0
50000,19,1452,0.04271404278794792,7,0,0.0,0.0,0.10229534115551145,0.1078475654055046,0.1,7,,,,0,0,0,1.0,1.0,1.0
500,20,13,0.4514215736702495,5,0,0.0,0.0,1.0,1.0,0.1,5,,,,0,0,0,1.0,1.0,1.0
1000,20,19,0.3734024697064055,5,0,0.0,0.0,0.7791349846825553,0.7791349846825553,0.1,5,,,,0,0,0,1.0,1.0,1.0
2000,20,48,0.2349272353337136,5,0,0.0,0.0,0.40026404824181994,0.40026404824181994,0.1,5,,,,0,0,0,1.0,1.0,1.0
5000,20,156,0.13031418353826152,5,0,0.0,0.0,0.2915492867243653,0.2915492867243653,0.1,5,,,,0,0,0,1.0,1.0,1.0
10000,20,298,0.09428570538090363,5,0,0.0,0.0,0.1715016587612386,0.1715016587612386,0.1,5,,,,0,0,0,1.0,1.0,1.0
20000,20,601,0.0663921527156611,5,0,0.0,0.0,0.13126467589981775,0.14789249690668718,0.1,5,,,,0,0,0,1.0,1.0,1.0
50000,20,1535,0.0415431856716423,5,2,0.09215746906060303,0.0,0.08268243002466091,0.09215746906060303,0.007842530939396977,84,,77,,0,1,0,1.0,0.9171438194678343,1.0
500,21,11,0.49074698936454547,5,0,0.0,0.0,0.8085268369293235,0.8085268369293235,0.1,5,,,,0,0,0,1.0,1.0,1.0
1000,21,34,0.2791351498127753,5,0,0.0,0.0,0.5415524439637529,0.5693507960324842,0.1,5,,,,0,0,0,1.0,1.0,1.0
2000,21,70,0.19453823286637434,5,0,0.0,0.0,0.37753013290980614,0.37753013290980614,0.1,5,,,,0,0,0,1.0,1.0,1.0
5000,21,157,0.129898507252619,5,0,0.0,0.0,0.2396476096075196,0.2396476096075196,0.1,5,,,,0,0,0,1.0,1.0,1.0
10000,21,279,0.0974432779270511,5,0,0.0,0.0,0.2188345871172143,0.2188345871172143,0.1,5,,,,0,0,0,1.0,1.0,1.0
20000,21,603,0.06628195819536642,5,0,0.0,0.0,0.12863554833349822,0.12863554833349822,0.1,5,,,,0,0,0,1.0,1.0,1.0
50000,21,1448,0.042772999396806205,5,2,0.09306811511573945,0.0,0.09028392681664835,0.09306811511573945,0.006931884884260553,89,,81,,0,1,0,1.0,0.8738211382113821,1.0
500,22,13,0.4514215736702495,6,0,0.0,0.0,0.9128676604826186,0.9128676604826186,0.1,6,,,,0,0,0,1.0,1.0,1.0
1000,22,30,0.2971620592243688,6,0,0.0,0.0,0.5092621745390425,0.5925627933692729,0.1,6,,,,0,0,0,1.0,1.0,1.0
2000,22,54,0.22149152158650237,6,0,0.0,0.0,0.4301310346481093,0.4673273960969708,0.1,6,,,,0,0,0,1.0,1.0,1.0
5000,22,162,0.12787818961118694,6,0,0.0,0.0,0.2501461465232335,0.2506320682887015,0.1,6,,,,0,0,0,1.0,1.0,1.0
10000,22,297,0.09444430213787292,6,0,0.0,0.0,0.1823272831935499,0.1823272831935499,0.1,6,,,,0,0,0,1.0,1.0,1.0
20000,22,610,0.06590055452979479,6,0,0.0,0.0,0.13072583126839935,0.13072583126839935,0.1,6,,,,0,0,0,1.0,1.0,1.0
50000,22,1565,0.04114308146276563,6,1,0.0710142709195141,0.0,0.0710142709195141,0.08244561067992054,0.02898572908048591,40,,37,40,0,1,1,1.0,0.8983382209188661,0.9882697947214076
500,23,21,0.3551765947936871,6,0,0.0,0.0,0.7683922703300945,0.772783331221659,0.1,6,,,,0,0,0,1.0,1.0,1.0
1000,23,26,0.319203255916136,6,0,0.0,0.0,0.6457150010451235,0.6457150010451235,0.1,6,,,,0,0,0,1.0,1.0,1.0
2000,23,63,0.20506130261398986,6,0,0.0,0.0,0.4393743909200302,0.4393743909200302,0.1,6,,,,0,0,0,1.0,1.0,1.0
5000,23,152,0.13201770922060185,6,0,0.0,0.0,0.2571789428812429,0.2571789428812429,0.1,6,,,,0,0,0,1.0,1.0,1.0
10000,23,277,0.09779442601248794,6,0,0.0,0.0,0.2226792801142698,0.22986995494658913,0.1,6,,,,0,0,0,1.0,1.0,1.0
20000,23,606,0.06611769038843054,6,0,0.0,0.0,0.11666435243036746,0.14114948042279066,0.1,6,,,,0,0,0,1.0,1.0,1.0
50000,23,1461,0.042582276789292314,6,1,0.08627130841388697,0.0,0.08627130841388697,0.10404955833792168,0.013728691586113034,49,,45,,0,1,0,1.0,0.8811212428233705,1.0
500,24,16,0.4069059076796823,1,0,0.0,0.0,0.8021611105290456,0.8297277682725285,0.1,1,,,,0,0,0,1.0,1.0,1.0
1000,24,26,0.319203255916136,1,0,0.0,0.0,0.6202532265371177,0.6202532265371177,0.1,1,,,,0,0,0,1.0,1.0,1.0
2000,24,71,0.19316338713798736,1,0,0.0,0.0,0.3901944076556619,0.3901944076556619,0.1,1,,,,0,0,0,1.0,1.0,1.0
5000,24,159,0.12907895012938111,1,0,0.0,0.0,0.2504387852998453,0.259602436775053,0.1,1,,,,0,0,0,1.0,1.0,1.0
10000,24,306,0.09304504993759179,1,0,0.0,0.0,0.1855278500192252,0.20516438614102617,0.1,1,,,,0,0,0,1.0,1.0,1.0
20000,24,631,0.06479467366824984,1,0,0.0,0.0,0.15570180959010346,0.15570180959010346,0.1,1,,,,0,0,0,1.0,1.0,1.0
50000,24,1500,0.042025061437781924,1,2,0.08665478393060978,0.0,0.0807172150055728,0.08665478393060978,0.013345216069390223,92,,84,92,0,1,1,1.0,0.9372509960159362,0.9970119521912351
500,25,13,0.4514215736702495,9,0,0.0,0.0,0.9077205728925287,0.9077205728925287,0.1,9,9,9,9,1,1,1,0.9095315024232633,0.9095315024232633,0.9095315024232633
1000,25,22,0.3470105240265526,9,0,0.0,0.0,0.6470693116166302,0.6470693116166302,0.1,9,9,9,9,1,1,1,0.9095315024232633,0.9095315024232633,0.9095315024232633
2000,25,72,0.19181728441678042,9,0,0.0,0.0,0.3826907790061855,0.3974410854260623,0.1,9,9,9,9,1,1,1,0.9095315024232633,0.9095315024232633,0.9095315024232633
5000,25,162,0.12787818961118694,9,0,0.0,0.0,0.24749316316753112,0.24749316316753112,0.1,9,9,9,9,1,1,1,0.9095315024232633,0.9095315024232633,0.9095315024232633
10000,25,277,0.09779442601248794,9,0,0.0,0.0,0.1837125362461004,0.19953157058346843,0.1,9,9,9,9,1,1,1,0.9095315024232633,0.9095315024232633,0.9095315024232633
20000,25,586,0.06723651244874064,9,0,0.0,0.0,0.15702213865474696,0.15975411027882855,0.1,9,9,9,9,1,1,1,0.9095315024232633,0.9095315024232633,0.9095315024232633
50000,25,1526,0.04166551169169547,9,2,0.08701829277033474,0.0,0.08701829277033474,0.08701829277033474,0.012981707229665268,92,9,84,92,1,1,1,0.9095315024232633,0.9024232633279483,0.9838449111470113
500,26,7,0.6151839078419695,6,0,0.0,0.0,1.0,1.0,0.1,6,,,,0,0,0,1.0,1.0,1.0
1000,26,28,0.30759195392098476,6,0,0.0,0.0,0.5206471200162537,0.5223650049917213,0.1,6,,,,0,0,0,1.0,1.0,1.0
2000,26,66,0.20034661945836324,6,0,0.0,0.0,0.3994270453642301,0.3994270453642301,0.1,6,,,,0,0,0,1.0,1.0,1.0
5000,26,149,0.13334012328758782,6,0,0.0,0.0,0.2851388882633686,0.2851388882633686,0.1,6,,,,0,0,0,1.0,1.0,1.0
10000,26,304,0.09335061742660138,6,0,0.0,0.0,0.18308668895994357,0.19019345086036366,0.1,6,,,,0,0,0,1.0,1.0,1.0
20000,26,604,0.06622706629510566,6,0,0.0,0.0,0.136378467145973,0.136378467145973,0.1,6,,,,0,0,0,1.0,1.0,1.0
50000,26,1521,0.04173393924919819,6,2,0.08504284525425784,0.0,0.07472516496531609,0.08504284525425784,0.014957154745742163,87,,80,87,0,1,1,1.0,0.9160862354892205,0.9930348258706467
500,27,15,0.42025061437781924,2,0,0.0,0.0,0.7051563548615911,0.8092679250714208,0.1,2,,,,0,0,0,1.0,1.0,1.0
1000,27,29,0.3022421205312754,2,0,0.0,0.0,0.6235732054698686,0.6235732054698686,0.1,2,,,,0,0,0,1.0,1.0,1.0
2000,27,57,0.21558401640106428,2,0,0.0,0.0,0.42763471241364753,0.42763471241364753,0.1,2,,,,0,0,0,1.0,1.0,1.0
5000,27,141,0.13707063673830402,2,0,0.0,0.0,0.2886921355881239,0.2886921355881239,0.1,2,,,,0,0,0,1.0,1.0,1.0
10000,27,315,0.09170620243990732,2,0,0.0,0.0,0.2217378097349315,0.2217378097349315,0.1,2,,,,0,0,0,1.0,1.0,1.0
20000,27,605,0.06617231054676534,2,0,0.0,0.0,0.13510828213210566,0.1425452189398759,0.1,2,,,,0,0,0,1.0,1.0,1.0
50000,27,1490,0.04216584930764364,2,1,0.07851033508084394,0.0,0.07851033508084394,0.09321299778642013,0.021489664919156062,46,,43,46,0,1,1,1.0,0.9407504937458855,0.9921000658327848
500,28,18,0.38363456883356084,6,0,0.0,0.0,0.6769080848428892,0.7016600428901896,0.1,6,,,,0,0,0,1.0,1.0,1.0
1000,28,29,0.3022421205312754,6,0,0.0,0.0,0.5325007488702991,0.5546805375781411,0.1,6,,,,0,0,0,1.0,1.0,1.0
2000,28,53,0.22357129981173743,6,0,0.0,0.0,0.4169313519543172,0.4169313519543172,0.1,6,,,,0,0,0,1.0,1.0,1.0
5000,28,126,0.14500023763729894,6,0,0.0,0.0,0.2664691986407874,0.2664691986407874,0.1,6,,,,0,0,0,1.0,1.0,1.0
10000,28,297,0.09444430213787292,6,0,0.0,0.0,0.18885651994089567,0.19821758549755034,0.1,6,,,,0,0,0,1.0,1.0,1.0
20000,28,606,0.06611769038843054,6,0,0.0,0.0,0.1253957741484446,0.1253957741484446,0.1,6,,,,0,0,0,1.0,1.0,1.0
50000,28,1510,0.04188567444870058,6,2,0.09581296669092268,0.0,0.088288400822113,0.09581296669092268,0.004187033309077326,94,,86,,0,1,0,1.0,0.9033409017191047,1.0
500,29,10,0.5146997846583985,3,0,0.0,0.0,1.0,1.0,0.1,3,,,,0,0,0,1.0,1.0,1.0
1000,29,27,0.31323631377828476,3,0,0.0,0.0,0.562039824312338,0.562039824312338,0.1,3,,,,0,0,0,1.0,1.0,1.0
2000,29,52,0.22571078683512474,3,0,0.0,0.0,0.40180541480542076,0.44188068901758415,0.1,3,,,,0,0,0,1.0,1.0,1.0
5000,29,153,0.1315855715334242,3,0,0.0,0.0,0.26977832813482805,0.26977832813482805,0.1,3,,,,0,0,0,1.0,1.0,1.0
10000,29,277,0.09779442601248794,3,0,0.0,0.0,0.20295355090196668,0.2092630684905216,0.1,3,,,,0,0,0,1.0,1.0,1.0
20000,29,610,0.06590055452979479,3,0,0.0,0.0,0.13828141279692585,0.1568792615228686,0.1,3,,,,0,0,0,1.0,1.0,1.0
50000,29,1506,0.041941262627704964,3,2,0.09653743378730198,0.0,0.08724061888440789,0.09653743378730198,0.003462566212698026,94,,86,,0,1,0,1.0,0.9093315684976837,1.0
500,30,9,0.5425412102395765,8,0,0.0,0.0,1.0,1.0,0.1,8,,,,0,0,0,1.0,1.0,1.0
1000,30,24,0.33223728237975353,8,0,0.0,0.0,0.6073735813721203,0.651316376506338,0.1,8,,,,0,0,0,1.0,1.0,1.0
2000,30,57,0.21558401640106428,8,0,0.0,0.0,0.42959905155732986,0.42959905155732986,0.1,8,,,,0,0,0,1.0,1.0,1.0
5000,30,158,0.12948678353148335,8,0,0.0,0.0,0.26419176675299927,0.26419176675299927,0.1,8,,,,0,0,0,1.0,1.0,1.0
10000,30,332,0.08932745168378717,8,0,0.0,0.0,0.18796237336437982,0.18796237336437982,0.1,8,,,,0,0,0,1.0,1.0,1.0
20000,30,562,0.06865715903132535,8,0,0.0,0.0,0.12998895017808232,0.14748469827708693,0.1,8,,,,0,0,0,1.0,1.0,1.0
50000,30,1503,0.04198309930905718,8,1,0.08034029418471618,0.0,0.08034029418471618,0.09314967219430031,0.019659705815283826,48,,45,,0,1,0,1.0,0.8458672086720868,1.0
500,31,13,0.4514215736702495,6,0,0.0,0.0,0.838727710085233,0.9136511985203009,0.1,6,,,,0,0,0,1.0,1.0,1.0
1000,31,26,0.319203255916136,6,0,0.0,0.0,0.7394647375949887,0.7394647375949887,0.1,6,,,,0,0,0,1.0,1.0,1.0
2000,31,66,0.20034661945836324,6,0,0.0,0.0,0.3900836132736314,0.3900836132736314,0.1,6,,,,0,0,0,1.0,1.0,1.0
5000,31,165,0.12671032780068753,6,0,0.0,0.0,0.22937188197281713,0.2479594446984007,0.1,6,,,,0,0,0,1.0,1.0,1.0
10000,31,320,0.09098692700180233,6,0,0.0,0.0,0.17798098708762666,0.17798098708762666,0.1,6,,,,0,0,0,1.0,1.0,1.0
20000,31,617,0.06552566007666777,6,0,0.0,0.0,0.11931069216795112,0.13402146982599533,0.1,6,,,,0,0,0,1.0,1.0,1.0
50000,31,1484,0.042251004256665635,6,2,0.07982544087553552,0.0,0.07208544640288549,0.07982544087553552,0.02017455912446449,81,,74,81,0,1,1,1.0,0.8645096056622852,0.9811257162116616
500,32,13,0.4514215736702495,6,0,0.0,0.0,0.8281515017794387,0.9568643730665674,0.1,6,,,,0,0,0,1.0,1.0,1.0
1000,32,24,0.33223728237975353,6,0,0.0,0.0,0.6191987256360462,0.6191987256360462,0.1,6,,,,0,0,0,1.0,1.0,1.0
2000,32,70,0.19453823286637434,6,0,0.0,0.0,0.44477396543662545,0.44477396543662545,0.1,6,,,,0,0,0,1.0,1.0,1.0
5000,32,161,0.12827471208100977,6,0,0.0,0.0,0.23687194962504593,0.23687194962504593,0.1,6,,,,0,0,0,1.0,1.0,1.0
10000,32,305,0.0931974579839435,6,0,0.0,0.0,0.18300661353218048,0.18300661353218048,0.1,6,,,,0,0,0,1.0,1.0,1.0
20000,32,629,0.06489760411227476,6,0,0.0,0.0,0.1324270685028978,0.13998020829005176,0.1,6,,,,0,0,0,1.0,1.0,1.0
50000,32,1554,0.041288440481836414,6,0,0.0,0.0,0.10374488259196175,0.10374488259196175,0.1,6,,,,0,0,0,1.0,1.0,1.0
500,33,12,0.4698544706674272,10,0,0.0,0.0,0.8740652042491572,0.9779452725882704,0.1,10,10,10,10,1,1,1,0.9707681849082257,0.9707681849082257,0.9707681849082257
1000,33,31,0.2923298337811533,10,0,0.0,0.0,0.5884308891784411,0.6125904991407783,0.1,10,10,10,10,1,1,1,0.9707681849082257,0.9707681849082257,0.9707681849082257
2000,33,70,0.19453823286637434,10,0,0.0,0.0,0.37649386347975433,0.44559135583451787,0.1,10,10,10,10,1,1,1,0.9707681849082257,0.9707681849082257,0.9707681849082257
5000,33,141,0.13707063673830402,10,0,0.0,0.0,0.29787916167622186,0.29787916167622186,0.1,10,10,10,10,1,1,1,0.9707681849082257,0.9707681849082257,0.9707681849082257
10000,33,306,0.09304504993759179,10,0,0.0,0.0,0.18519967569245388,0.190400059756851,0.1,10,10,10,10,1,1,1,0.9707681849082257,0.9707681849082257,0.9707681849082257
20000,33,573,0.06799495263161266,10,0,0.0,0.0,0.18494369414136214,0.18494369414136214,0.1,10,10,10,10,1,1,1,0.9707681849082257,0.9707681849082257,0.9707681849082257
50000,33,1555,0.041275162320862126,10,2,0.07892331713815014,0.0,0.07892331713815014,0.07892331713815014,0.02107668286184987,95,10,87,94,1,1,1,0.9707681849082257,0.9000679809653297,0.9813052345343304
500,34,18,0.38363456883356084,5,0,0.0,0.0,0.8528429708785035,0.8528429708785035,0.1,5,,,,0,0,0,1.0,1.0,1.0
1000,34,25,0.32552472614374584,5,0,0.0,0.0,0.7053635268043621,0.7053635268043621,0.1,5,,,,0,0,0,1.0,1.0,1.0
2000,34,58,0.21371745298786668,5,0,0.0,0.0,0.4133599368552192,0.447495014950963,0.1,5,,,,0,0,0,1.0,1.0,1.0
5000,34,160,0.12867494616459962,5,0,0.0,0.0,0.23152400257620676,0.23152400257620676,0.1,5,,,,0,0,0,1.0,1.0,1.0
10000,34,310,0.09244281027668767,5,0,0.0,0.0,0.18122482409658677,0.1999245366270131,0.1,5,,,,0,0,0,1.0,1.0,1.0
20000,34,645,0.06408761787401619,5,0,0.0,0.0,0.12102092284739245,0.12667762670769672,0.1,5,,,,0,0,0,1.0,1.0,1.0
50000,34,1503,0.04198309930905718,5,1,0.09848768101967742,0.0,0.09848768101967742,0.10417655291282005,0.0015123189803225856,52,,48,,0,1,0,1.0,0.9415363698164514,1.0
500,35,17,0.39475671460027256,5,0,0.0,0.0,0.70142843257576,0.7322249600250865,0.1,5,,,,0,0,0,1.0,1.0,1.0
1000,35,24,0.33223728237975353,5,0,0.0,0.0,0.5764035922776701,0.5764035922776701,0.1,5,,,,0,0,0,1.0,1.0,1.0
2000,35,67,0.19884587458609926,5,0,0.0,0.0,0.38899574370457,0.39713605123494344,0.1,5,,,,0,0,0,1.0,1.0,1.0
5000,35,175,0.12303678156839391,5,0,0.0,0.0,0.24841782822612096,0.25182805458904595,0.1,5,,,,0,0,0,1.0,1.0,1.0
10000,35,278,0.09761837829815252,5,0,0.0,0.0,0.18444779421221125,0.18444779421221125,0.1,5,,,,0,0,0,1.0,1.0,1.0
20000,35,573,0.06799495263161266,5,0,0.0,0.0,0.13117682010857423,0.13117682010857423,0.1,5,,,,0,0,0,1.0,1.0,1.0
50000,35,1444,0.04283220080838761,5,2,0.07676266463856832,0.0,0.07351090679862601,0.07676266463856832,0.023237335361431688,91,,83,90,0,1,1,1.0,0.8148886673313394,0.9521435692921236
500,36,14,0.4350007129118968,2,0,0.0,0.0,0.9055379771058718,0.9287425416386932,0.1,2,,,,0,0,0,1.0,1.0,1.0
1000,36,28,0.30759195392098476,2,0,0.0,0.0,0.5616058867274245,0.5629792569442593,0.1,2,,,,0,0,0,1.0,1.0,1.0
2000,36,71,0.19316338713798736,2,0,0.0,0.0,0.3426204074893672,0.3426204074893672,0.1,2,,,,0,0,0,1.0,1.0,1.0
5000,36,142,0.1365871409222332,2,0,0.0,0.0,0.27525113284532027,0.27525113284532027,0.1,2,,,,0,0,0,1.0,1.0,1.0
10000,36,267,0.09960894856379665,2,0,0.0,0.0,0.2101690222410008,0.224000182763492,0.1,2,,,,0,0,0,1.0,1.0,1.0
20000,36,605,0.06617231054676534,2,0,0.0,0.0,0.12202464952869171,0.12202464952869171,0.1,2,,,,0,0,0,1.0,1.0,1.0
50000,36,1516,0.04180270505501885,2,2,0.07847446154075749,0.0,0.07847446154075749,0.07847446154075749,0.021525538459242516,96,,88,95,0,1,1,1.0,0.9121242153947803,0.9818301949124546
500,37,23,0.33938298766476444,6,0,0.0,0.0,0.7312743394986363,0.7312743394986363,0.1,6,,,,0,0,0,1.0,1.0,1.0
1000,37,35,0.275118607319722,6,0,0.0,0.0,0.6292630422297725,0.6292630422297725,0.1,6,,,,0,0,0,1.0,1.0,1.0
2000,37,61,0.20839585138227815,6,0,0.0,0.0,0.43340328018720975,0.4540693449326292,0.1,6,,,,0,0,0,1.0,1.0,1.0
5000,37,137,0.13905727127853038,6,0,0.0,0.0,0.2709169976739011,0.2709169976739011,0.1,6,,,,0,0,0,1.0,1.0,1.0
10000,37,292,0.09524946847142562,6,0,0.0,0.0,0.20448598387628208,0.20448598387628208,0.1,6,,,,0,0,0,1.0,1.0,1.0
20000,37,614,0.06568554399083078,6,0,0.0,0.0,0.11826458329995897,0.1419863273583557,0.1,6,,,,0,0,0,1.0,1.0,1.0
50000,37,1468,0.042480630970830095,6,2,0.09779652936205886,0.0,0.08747914010850844,0.09779652936205886,0.0022034706379411434,92,,84,,0,1,0,1.0,0.9047619047619048,1.0
500,38,15,0.42025061437781924,6,0,0.0,0.0,0.806515103733283,0.8552808925634118,0.1,6,,,,0,0,0,1.0,1.0,1.0
1000,38,28,0.30759195392098476,6,0,0.0,0.0,0.6180581009329397,0.6699086550340602,0.1,6,,,,0,0,0,1.0,1.0,1.0
2000,38,64,0.20345295383984116,6,0,0.0,0.0,0.3788665295810363,0.3788665295810363,0.1,6,,,,0,0,0,1.0,1.0,1.0
5000,38,146,0.13470309012111864,6,0,0.0,0.0,0.28817707209650684,0.28817707209650684,0.1,6,,,,0,0,0,1.0,1.0,1.0
10000,38,334,0.08905960264998776,6,0,0.0,0.0,0.16520798177344753,0.16520798177344753,0.1,6,,,,0,0,0,1.0,1.0,1.0
20000,38,637,0.06448879623860707,6,0,0.0,0.0,0.11663718111773602,0.12397230253973242,0.1,6,,,,0,0,0,1.0,1.0,1.0
50000,38,1548,0.04136837945402825,6,2,0.09020205536492878,0.0,0.08597152321694973,0.09020205536492878,0.00979794463507122,93,,85,,0,1,0,1.0,0.8949950932286556,1.0
500,39,14,0.4350007129118968,10,0,0.0,0.0,0.7443261884432244,0.7443261884432244,0.1,10,10,10,10,1,1,1,0.9656413612565445,0.9656413612565445,0.9656413612565445
1000,39,30,0.2971620592243688,10,0,0.0,0.0,0.5631450866827793,0.5866841681564825,0.1,10,10,10,10,1,1,1,0.9656413612565445,0.9656413612565445,0.9656413612565445
2000,39,62,0.20670840780978977,10,0,0.0,0.0,0.41837694761594424,0.41837694761594424,0.1,10,10,10,10,1,1,1,0.9656413612565445,0.9656413612565445,0.9656413612565445
5000,39,157,0.129898507252619,10,0,0.0,0.0,0.2803775996628941,0.2803775996628941,0.1,10,10,10,10,1,1,1,0.9656413612565445,0.9656413612565445,0.9656413612565445
10000,39,322,0.09070391876723395,10,0,0.0,0.0,0.18177514968814645,0.18177514968814645,0.1,10,10,10,10,1,1,1,0.9656413612565445,0.9656413612565445,0.9656413612565445
20000,39,583,0.06740928321523526,10,0,0.0,0.0,0.14575374757514337,0.1489548995666726,0.1,10,10,10,10,1,1,1,0.9656413612565445,0.9656413612565445,0.9656413612565445
50000,39,1467,0.04249510724692616,10,1,0.08198351282698255,0.0,0.08198351282698255,0.09683456299014329,0.01801648717301746,47,10,44,,1,1,0,0.9656413612565445,0.9388089005235603,1.0
500,40,7,0.6151839078419695,9,0,0.0,0.0,1.0,1.0,0.1,9,9,9,9,1,1,1,0.953866578161301,0.953866578161301,0.953866578161301
1000,40,22,0.3470105240265526,9,0,0.0,0.0,0.6755999324883251,0.6755999324883251,0.1,9,9,9,9,1,1,1,0.953866578161301,0.953866578161301,0.953866578161301
2000,40,52,0.22571078683512474,9,0,0.0,0.0,0.40830527213907647,0.45264253568189416,0.1,9,9,9,9,1,1,1,0.953866578161301,0.953866578161301,0.953866578161301
5000,40,145,0.13516678543432334,9,0,0.0,0.0,0.2836847669632799,0.2836847669632799,0.1,9,9,9,9,1,1,1,0.953866578161301,0.953866578161301,0.953866578161301
10000,40,279,0.0974432779270511,9,0,0.0,0.0,0.1657781982509445,0.1657781982509445,0.1,9,9,9,9,1,1,1,0.953866578161301,0.953866578161301,0.953866578161301
20000,40,604,0.06622706629510566,9,0,0.0,0.0,0.12035215217033732,0.12799651612981294,0.1,9,9,9,9,1,1,1,0.953866578161301,0.953866578161301,0.953866578161301
50000,40,1515,0.041816499051452696,9,1,0.09113320175801991,0.0,0.09113320175801991,0.10316962985667678,0.008866798241980098,58,9,54,,1,1,0,0.953866578161301,0.8894789246598075,1.0
500,41,12,0.4698544706674272,8,0,0.0,0.0,0.7891965555627103,0.8100369539339536,0.1,8,,,,0,0,0,1.0,1.0,1.0
1000,41,25,0.32552472614374584,8,0,0.0,0.0,0.6159804164718002,0.6856593147066448,0.1,8,,,,0,0,0,1.0,1.0,1.0
2000,41,66,0.20034661945836324,8,0,0.0,0.0,0.3333837221794944,0.39797862203736734,0.1,8,,,,0,0,0,1.0,1.0,1.0
5000,41,142,0.1365871409222332,8,0,0.0,0.0,0.23931745515153063,0.24488230757779642,0.1,8,,,,0,0,0,1.0,1.0,1.0
10000,41,299,0.09412790492657468,8,0,0.0,0.0,0.1649618362045242,0.17907584991985556,0.1,8,,,,0,0,0,1.0,1.0,1.0
20000,41,571,0.06811392901767009,8,0,0.0,0.0,0.1602276538302493,0.1638074883667213,0.1,8,,,,0,0,0,1.0,1.0,1.0
50000,41,1458,0.042626063203728984,8,0,0.0,0.0,0.10605901372614437,0.10605901372614437,0.1,8,,,,0,0,0,1.0,1.0,1.0
500,42,11,0.49074698936454547,5,0,0.0,0.0,0.8851445303380412,0.9007624432100404,0.1,5,,,,0,0,0,1.0,1.0,1.0
1000,42,30,0.2971620592243688,5,0,0.0,0.0,0.5311532054509583,0.5465495213504861,0.1,5,,,,0,0,0,1.0,1.0,1.0
2000,42,63,0.20506130261398986,5,0,0.0,0.0,0.3832507790634162,0.4108250056036662,0.1,5,,,,0,0,0,1.0,1.0,1.0
5000,42,152,0.13201770922060185,5,0,0.0,0.0,0.2507619279249226,0.2507619279249226,0.1,5,,,,0,0,0,1.0,1.0,1.0
10000,42,298,0.09428570538090363,5,0,0.0,0.0,0.18607833795334866,0.18607833795334866,0.1,5,,,,0,0,0,1.0,1.0,1.0
20000,42,624,0.06515709176913076,5,0,0.0,0.0,0.13578963370210967,0.13578963370210967,0.1,5,,,,0,0,0,1.0,1.0,1.0
50000,42,1542,0.04144878454340757,5,2,0.08633994801462294,0.0,0.08633994801462294,0.08633994801462294,0.013660051985377064,96,,88,96,0,1,1,1.0,0.9205972175093315,0.995928062436376
500,43,16,0.4069059076796823,4,0,0.0,0.0,0.806660765160635,0.8413018423466024,0.1,4,,,,0,0,0,1.0,1.0,1.0
1000,43,34,0.2791351498127753,4,0,0.0,0.0,0.5053447909483832,0.575091927270527,0.1,4,,,,0,0,0,1.0,1.0,1.0
2000,43,63,0.20506130261398986,4,0,0.0,0.0,0.407682082832039,0.4134872763547633,0.1,4,,,,0,0,0,1.0,1.0,1.0
5000,43,141,0.13707063673830402,4,0,0.0,0.0,0.2572024063679519,0.2572024063679519,0.1,4,,,,0,0,0,1.0,1.0,1.0
10000,43,317,0.09141645068106224,4,0,0.0,0.0,0.15713272060788877,0.15713272060788877,0.1,4,,,,0,0,0,1.0,1.0,1.0
20000,43,565,0.06847464078455237,4,0,0.0,0.0,0.15146229294333657,0.17115116787411266,0.1,4,,,,0,0,0,1.0,1.0,1.0
50000,43,1449,0.042758237360336585,4,2,0.08859600728662384,0.0,0.07872738454113384,0.08859600728662384,0.011403992713376165,81,,74,,0,1,0,1.0,0.9176392130710237,1.0
500,44,13,0.4514215736702495,3,0,0.0,0.0,0.7959045538600149,0.8596685231713317,0.1,3,,,,0,0,0,1.0,1.0,1.0
1000,44,33,0.28333290641361875,3,0,0.0,0.0,0.5628095942382243,0.5628095942382243,0.1,3,,,,0,0,0,1.0,1.0,1.0
2000,44,64,0.20345295383984116,3,0,0.0,0.0,0.404026955362379,0.404026955362379,0.1,3,,,,0,0,0,1.0,1.0,1.0
5000,44,162,0.12787818961118694,3,0,0.0,0.0,0.230485022412607,0.230485022412607,0.1,3,,,,0,0,0,1.0,1.0,1.0
10000,44,309,0.09259227328500041,3,0,0.0,0.0,0.17427321757265424,0.17499271805115718,0.1,3,,,,0,0,0,1.0,1.0,1.0
20000,44,623,0.06520936381265156,3,0,0.0,0.0,0.13003752771859503,0.13003752771859503,0.1,3,,,,0,0,0,1.0,1.0,1.0
50000,44,1543,0.04143535113370671,3,1,0.07632607037495692,0.0,0.07632607037495692,0.09168753148961876,0.023673929625043083,35,,33,,0,1,0,1.0,0.9601990049751243,1.0
500,45,14,0.4350007129118968,9,0,0.0,0.0,0.7389258587629683,0.7389258587629683,0.1,9,9,9,9,1,1,1,0.975625609359766,0.975625609359766,0.975625609359766
1000,45,30,0.2971620592243688,9,0,0.0,0.0,0.6143215222826415,0.6409846830347715,0.1,9,9,9,9,1,1,1,0.975625609359766,0.975625609359766,0.975625609359766
2000,45,67,0.19884587458609926,9,0,0.0,0.0,0.3686581617768736,0.42127428260851624,0.1,9,9,9,9,1,1,1,0.975625609359766,0.975625609359766,0.975625609359766
5000,45,136,0.13956757490638766,9,0,0.0,0.0,0.23951789459367323,0.24053661843923718,0.1,9,9,9,9,1,1,1,0.975625609359766,0.975625609359766,0.975625609359766
10000,45,277,0.09779442601248794,9,0,0.0,0.0,0.17658338341250285,0.18115905845831434,0.1,9,9,9,9,1,1,1,0.975625609359766,0.975625609359766,0.975625609359766
20000,45,566,0.06841412407738369,9,0,0.0,0.0,0.1147619995980031,0.14635694310378805,0.1,9,9,9,9,1,1,1,0.975625609359766,0.975625609359766,0.975625609359766
50000,45,1527,0.041651866526210266,9,1,0.07143863300495816,0.0,0.07143863300495816,0.08659881844656116,0.028561366995041845,44,9,41,44,1,1,1,0.975625609359766,0.9684757881052973,0.9905752356191095
500,46,10,0.5146997846583985,6,0,0.0,0.0,0.8795199490843453,0.896855327682657,0.1,6,,,,0,0,0,1.0,1.0,1.0
1000,46,31,0.2923298337811533,6,0,0.0,0.0,0.4870430552025424,0.5711112286097229,0.1,6,,,,0,0,0,1.0,1.0,1.0
2000,46,63,0.20506130261398986,6,0,0.0,0.0,0.3904755343857994,0.3904755343857994,0.1,6,,,,0,0,0,1.0,1.0,1.0
5000,46,180,0.12131590266906978,6,0,0.0,0.0,0.257893662226301,0.257893662226301,0.1,6,,,,0,0,0,1.0,1.0,1.0
10000,46,295,0.09476391151885091,6,0,0.0,0.0,0.17494398498464664,0.18360812075047572,0.1,6,,,,0,0,0,1.0,1.0,1.0
20000,46,596,0.06667006164379391,6,0,0.0,0.0,0.14971371998460686,0.15016675727737405,0.1,6,,,,0,0,0,1.0,1.0,1.0
50000,46,1468,0.042480630970830095,6,2,0.09481767083098476,0.0,0.09008940032638052,0.09481767083098476,0.005182329169015246,96,,88,,0,1,0,1.0,0.8572353512463581,1.0
500,47,16,0.4069059076796823,10,0,0.0,0.0,0.8456191406424993,0.8456191406424993,0.1,10,10,10,10,1,1,1,0.8740765614506381,0.8740765614506381,0.8740765614506381
1000,47,34,0.2791351498127753,10,0,0.0,0.0,0.4891697827409762,0.5085940220928407,0.1,10,10,10,10,1,1,1,0.8740765614506381,0.8740765614506381,0.8740765614506381
2000,47,56,0.2175003564559484,10,0,0.0,0.0,0.4211639067320088,0.4211639067320088,0.1,10,10,10,10,1,1,1,0.8740765614506381,0.8740765614506381,0.8740765614506381
5000,47,171,0.12446748990213516,10,0,0.0,0.0,0.22515384759335375,0.22515384759335375,0.1,10,10,10,10,1,1,1,0.8740765614506381,0.8740765614506381,0.8740765614506381
10000,47,332,0.08932745168378717,10,0,0.0,0.0,0.18245111244020012,0.18245111244020012,0.1,10,10,10,10,1,1,1,0.8740765614506381,0.8740765614506381,0.8740765614506381
20000,47,636,0.06453947506469056,10,0,0.0,0.0,0.12741015512411963,0.14797816944357087,0.1,10,10,10,10,1,1,1,0.8740765614506381,0.8740765614506381,0.8740765614506381
50000,47,1453,0.042699341688635206,10,2,0.08722511452282815,0.0,0.08207409679686248,0.08722511452282815,0.012774885477171857,94,10,86,94,1,1,1,0.8740765614506381,0.8740765614506381,0.9909335124244459
500,48,14,0.4350007129118968,8,0,0.0,0.0,0.9146572859249099,0.9146572859249099,0.1,8,,,,0,0,0,1.0,1.0,1.0
1000,48,28,0.30759195392098476,8,0,0.0,0.0,0.5777333989751015,0.6199086550340601,0.1,8,,,,0,0,0,1.0,1.0,1.0
2000,48,46,0.23998001199710536,8,0,0.0,0.0,0.39058330007792474,0.4661941914723411,0.1,8,,,,0,0,0,1.0,1.0,1.0
5000,48,150,0.13289491295190142,8,0,0.0,0.0,0.23554998197729926,0.25576290318932404,0.1,8,,,,0,0,0,1.0,1.0,1.0
10000,48,303,0.0935045344601037,8,0,0.0,0.0,0.1977010328082671,0.1977010328082671,0.1,8,,,,0,0,0,1.0,1.0,1.0
20000,48,559,0.06884114460200762,8,0,0.0,0.0,0.13469937348881778,0.1437149639239304,0.1,8,,,,0,0,0,1.0,1.0,1.0
50000,48,1536,0.04152966029746919,8,1,0.09991788345360143,0.0,0.09991788345360143,0.10189344721791,8.211654639857235e-05,40,,37,,0,1,0,1.0,0.9123214878777814,1.0
500,49,12,0.4698544706674272,4,0,0.0,0.0,0.9820216534122226,0.9820216534122226,0.1,4,,,,0,0,0,1.0,1.0,1.0
1000,49,36,0.27127060511978823,4,0,0.0,0.0,0.48311218050103677,0.5165438163963552,0.1,4,,,,0,0,0,1.0,1.0,1.0
2000,49,54,0.22149152158650237,4,0,0.0,0.0,0.3699027952732019,0.4028929755030001,0.1,4,,,,0,0,0,1.0,1.0,1.0
5000,49,151,0.13245413259021133,4,0,0.0,0.0,0.26757531211204083,0.2809198126542213,0.1,4,,,,0,0,0,1.0,1.0,1.0
10000,49,329,0.08973379548701044,4,0,0.0,0.0,0.17376058457717952,0.17376058457717952,0.1,4,,,,0,0,0,1.0,1.0,1.0
20000,49,608,0.06600885461030093,4,0,0.0,0.0,0.12331621183409473,0.12331621183409473,0.1,4,,,,0,0,0,1.0,1.0,1.0
50000,49,1513,0.04184412805945646,4,1,0.08191318596437758,0.0,0.08191318596437758,0.09658244599521147,0.01808681403562243,46,,43,,0,1,0,1.0,0.9135209334248455,1.0
500,50,11,0.49074698936454547,6,0,0.0,0.0,0.9927465777150728,0.9927465777150728,0.1,6,,,,0,0,0,1.0,1.0,1.0
1000,50,32,0.2877259266251706,6,0,0.0,0.0,0.5364452499362069,0.5394775682074235,0.1,6,,,,0,0,0,1.0,1.0,1.0
2000,50,77,0.18548492721603527,6,0,0.0,0.0,0.31458489883732066,0.32415419192770994,0.1,6,,,,0,0,0,1.0,1.0,1.0
5000,50,154,0.13115764984235173,6,0,0.0,0.0,0.30408516125332025,0.31845441328742086,0.1,6,,,,0,0,0,1.0,1.0,1.0
10000,50,334,0.08905960264998776,6,0,0.0,0.0,0.1687208800241604,0.18897453679739099,0.1,6,,,,0,0,0,1.0,1.0,1.0
20000,50,586,0.06723651244874064,6,0,0.0,0.0,0.1226643968173132,0.12992002012129256,0.1,6,,,,0,0,0,1.0,1.0,1.0
50000,50,1467,0.04249510724692616,6,2,0.08053941276440708,0.0,0.07273944431530575,0.08053941276440708,0.01946058723559292,88,,81,88,0,1,1,1.0,0.9444444444444444,0.9973226238286479
500,51,12,0.4698544706674272,4,0,0.0,0.0,0.9793036266925379,0.9926168337393,0.1,4,,,,0,0,0,1.0,1.0,1.0
1000,51,25,0.32552472614374584,4,0,0.0,0.0,0.5876645020577085,0.5876645020577085,0.1,4,,,,0,0,0,1.0,1.0,1.0
2000,51,54,0.22149152158650237,4,0,0.0,0.0,0.411275691557171,0.4345611161645755,0.1,4,,,,0,0,0,1.0,1.0,1.0
5000,51,143,0.1361087256487269,4,0,0.0,0.0,0.2724021239435379,0.29318832318865284,0.1,4,,,,0,0,0,1.0,1.0,1.0
10000,51,319,0.09112942814941934,4,0,0.0,0.0,0.15536922851986038,0.17446234660140392,0.1,4,,,,0,0,0,1.0,1.0,1.0
20000,51,602,0.06633698681272807,4,0,0.0,0.0,0.13765458179378626,0.14803886081273804,0.1,4,,,,0,0,0,1.0,1.0,1.0
50000,51,1540,0.04147569060566556,4,2,0.09367363695538221,0.0,0.08385067092452358,0.09367363695538221,0.006326363044617797,84,,77,,0,1,0,1.0,0.9426877470355731,1.0
500,52,18,0.38363456883356084,3,0,0.0,0.0,0.6921456977157838,0.7069193923893698,0.1,3,,,,0,0,0,1.0,1.0,1.0
1000,52,29,0.3022421205312754,3,0,0.0,0.0,0.5769866069364402,0.5769866069364402,0.1,3,,,,0,0,0,1.0,1.0,1.0
2000,52,69,0.1959428592866312,3,0,0.0,0.0,0.4158761312915208,0.449241252956155,0.1,3,,,,0,0,0,1.0,1.0,1.0
5000,52,139,0.1380532345261147,3,0,0.0,0.0,0.2889217213475409,0.2889217213475409,0.1,3,,,,0,0,0,1.0,1.0,1.0
10000,52,301,0.09381466643752519,3,0,0.0,0.0,0.19050442632648207,0.20402772844555997,0.1,3,,,,0,0,0,1.0,1.0,1.0
20000,52,645,0.06408761787401619,3,0,0.0,0.0,0.11312474459293911,0.12294339489157599,0.1,3,,,,0,0,0,1.0,1.0,1.0
50000,52,1493,0.04212346445929627,3,1,0.07942625605934658,0.0,0.07942625605934658,0.09183003904065638,0.02057374394065342,33,,31,,0,1,0,1.0,0.965300727032386,1.0
500,53,15,0.42025061437781924,4,0,0.0,0.0,0.8285215762251923,0.8285215762251923,0.1,4,,,,0,0,0,1.0,1.0,1.0
1000,53,29,0.3022421205312754,4,0,0.0,0.0,0.582614987341492,0.582614987341492,0.1,4,,,,0,0,0,1.0,1.0,1.0
2000,53,53,0.22357129981173743,4,0,0.0,0.0,0.473887189268732,0.473887189268732,0.1,4,,,,0,0,0,1.0,1.0,1.0
5000,53,143,0.1361087256487269,4,0,0.0,0.0,0.2952227053426354,0.2952227053426354,0.1,4,,,,0,0,0,1.0,1.0,1.0
10000,53,324,0.0904235350399294,4,0,0.0,0.0,0.18282690394222864,0.18282690394222864,0.1,4,,,,0,0,0,1.0,1.0,1.0
20000,53,617,0.06552566007666777,4,0,0.0,0.0,0.13557137893069326,0.1391952964100693,0.1,4,,,,0,0,0,1.0,1.0,1.0
50000,53,1491,0.04215170681208982,4,2,0.0840452002723571,0.0,0.07800215392012644,0.0840452002723571,0.01595479972764291,86,,79,86,0,1,1,1.0,0.9233947870311506,0.9920534011443103
500,54,12,0.4698544706674272,8,0,0.0,0.0,0.8803099544424489,0.9152769716631312,0.1,8,,,,0,0,0,1.0,1.0,1.0
1000,54,30,0.2971620592243688,8,0,0.0,0.0,0.6075881920844872,0.6075881920844872,0.1,8,,,,0,0,0,1.0,1.0,1.0
2000,54,71,0.19316338713798736,8,0,0.0,0.0,0.4247167616362708,0.4277320137583643,0.1,8,,,,0,0,0,1.0,1.0,1.0
5000,54,153,0.1315855715334242,8,0,0.0,0.0,0.2549877259064987,0.2549877259064987,0.1,8,,,,0,0,0,1.0,1.0,1.0
10000,54,328,0.08987048070787587,8,0,0.0,0.0,0.1862129713986563,0.18803633230907663,0.1,8,,,,0,0,0,1.0,1.0,1.0
20000,54,645,0.06408761787401619,8,0,0.0,0.0,0.12404051161858509,0.13775945669975168,0.1,8,,,,0,0,0,1.0,1.0,1.0
50000,54,1496,0.04208120716948269,8,2,0.08408222213684598,0.0,0.08408222213684598,0.08408222213684598,0.01591777786315403,100,,91,100,0,1,1,1.0,0.8517779993353274,0.9953472914589565
500,55,14,0.4350007129118968,5,0,0.0,0.0,0.8892094190706445,0.9261339114613206,0.1,5,,,,0,0,0,1.0,1.0,1.0
1000,55,28,0.30759195392098476,5,0,0.0,0.0,0.5755195905539354,0.5755195905539354,0.1,5,,,,0,0,0,1.0,1.0,1.0
2000,55,63,0.20506130261398986,5,0,0.0,0.0,0.4346350666930434,0.45144054859226485,0.1,5,,,,0,0,0,1.0,1.0,1.0
5000,55,145,0.13516678543432334,5,0,0.0,0.0,0.22857974239809775,0.23680186952194243,0.1,5,,,,0,0,0,1.0,1.0,1.0
10000,55,307,0.09289338716368743,5,0,0.0,0.0,0.1839357734148785,0.1861091651442613,0.1,5,,,,0,0,0,1.0,1.0,1.0
20000,55,567,0.06835376753799662,5,0,0.0,0.0,0.12682953739564068,0.12682953739564068,0.1,5,,,,0,0,0,1.0,1.0,1.0
50000,55,1498,0.04205310619328077,5,2,0.09795682409679629,0.0,0.09221700733811738,0.09795682409679629,0.0020431759032037144,99,,90,,0,1,0,1.0,0.8928336620644313,1.0
500,56,12,0.4698544706674272,5,0,0.0,0.0,0.8301763312602733,0.8667895107577817,0.1,5,,,,0,0,0,1.0,1.0,1.0
1000,56,33,0.28333290641361875,5,0,0.0,0.0,0.5420596407000506,0.5420596407000506,0.1,5,,,,0,0,0,1.0,1.0,1.0
2000,56,75,0.18794178826697086,5,0,0.0,0.0,0.3757865715944727,0.4168736096103789,0.1,5,,,,0,0,0,1.0,1.0,1.0
5000,56,149,0.13334012328758782,5,0,0.0,0.0,0.2939710267622294,0.3072860783232953,0.1,5,,,,0,0,0,1.0,1.0,1.0
10000,56,319,0.09112942814941934,5,0,0.0,0.0,0.17411646746935897,0.19339661186788873,0.1,5,,,,0,0,0,1.0,1.0,1.0
20000,56,600,0.06644745647595071,5,0,0.0,0.0,0.13376577904220396,0.13376577904220396,0.1,5,,,,0,0,0,1.0,1.0,1.0
50000,56,1466,0.042509598332512555,5,1,0.09594826750231299,0.0,0.09594826750231299,0.10485488925680882,0.004051732497687019,58,,54,,0,1,0,1.0,0.8863789615643964,1.0
500,57,15,0.42025061437781924,3,0,0.0,0.0,0.8636104576730734,0.9020227818145021,0.1,3,,,,0,0,0,1.0,1.0,1.0
1000,57,26,0.319203255916136,3,0,0.0,0.0,0.6355503300432079,0.6355503300432079,0.1,3,,,,0,0,0,1.0,1.0,1.0
2000,57,74,0.18920740383469434,3,0,0.0,0.0,0.3853673654228759,0.3853673654228759,0.1,3,,,,0,0,0,1.0,1.0,1.0
5000,57,131,0.1422061368876321,3,0,0.0,0.0,0.3341609119075319,0.3341609119075319,0.1,3,,,,0,0,0,1.0,1.0,1.0
10000,57,292,0.09524946847142562,3,0,0.0,0.0,0.17499350461057983,0.17499350461057983,0.1,3,,,,0,0,0,1.0,1.0,1.0
20000,57,605,0.06617231054676534,3,0,0.0,0.0,0.13596836546104563,0.13596836546104563,0.1,3,,,,0,0,0,1.0,1.0,1.0
50000,57,1533,0.041570276111868344,3,2,0.08645726288505003,0.0,0.07784406073498862,0.08645726288505003,0.01354273711494998,87,,80,87,0,1,1,1.0,0.9610983981693364,0.990192873488068
500,58,10,0.5146997846583985,4,0,0.0,0.0,0.8031475664626203,0.8365105000964501,0.1,4,,,,0,0,0,1.0,1.0,1.0
1000,58,32,0.2877259266251706,4,0,0.0,0.0,0.4857618191388591,0.5384534901200623,0.1,4,,,,0,0,0,1.0,1.0,1.0
2000,58,76,0.18670123485320275,4,0,0.0,0.0,0.3721268467700384,0.3835357298972343,0.1,4,,,,0,0,0,1.0,1.0,1.0
5000,58,162,0.12787818961118694,4,0,0.0,0.0,0.2346073157322415,0.2346073157322415,0.1,4,,,,0,0,0,1.0,1.0,1.0
10000,58,275,0.09814939787290909,4,0,0.0,0.0,0.19843691911704792,0.19843691911704792,0.1,4,,,,0,0,0,1.0,1.0,1.0
20000,58,614,0.06568554399083078,4,0,0.0,0.0,0.12176830553277944,0.12176830553277944,0.1,4,,,,0,0,0,1.0,1.0,1.0
50000,58,1550,0.04134168156195795,4,2,0.08297863126096006,0.0,0.07361444426647495,0.08297863126096006,0.01702136873903995,96,,88,96,0,1,1,1.0,0.9149085794655415,0.9992967651195499
500,59,13,0.4514215736702495,9,0,0.0,0.0,0.8664637578228254,0.9607251268038438,0.1,9,9,9,9,1,1,1,0.795350360183366,0.795350360183366,0.795350360183366
1000,59,31,0.2923298337811533,9,0,0.0,0.0,0.5360731441758273,0.5360731441758273,0.1,9,9,9,9,1,1,1,0.795350360183366,0.795350360183366,0.795350360183366
2000,59,56,0.2175003564559484,9,0,0.0,0.0,0.429870159538168,0.484550138379313,0.1,9,9,9,9,1,1,1,0.795350360183366,0.795350360183366,0.795350360183366
5000,59,143,0.1361087256487269,9,0,0.0,0.0,0.25905943662852016,0.25905943662852016,0.1,9,9,9,9,1,1,1,0.795350360183366,0.795350360183366,0.795350360183366
10000,59,316,0.09156098270914645,9,0,0.0,0.0,0.2059552396855469,0.2165073470757751,0.1,9,9,9,9,1,1,1,0.795350360183366,0.795350360183366,0.795350360183366
20000,59,597,0.06661420066905592,9,0,0.0,0.0,0.1197787694479645,0.13646938301268657,0.1,9,9,9,9,1,1,1,0.795350360183366,0.795350360183366,0.795350360183366
50000,59,1441,0.04287676354019946,9,2,0.08342239862899238,0.0,0.07724395645305265,0.08342239862899238,0.016577601371007625,105,9,96,105,1,1,1,0.795350360183366,0.8863785199738049,0.9777341191879503
500,60,12,0.4698544706674272,4,0,0.0,0.0,0.940353534522931,0.9516186186374271,0.1,4,,,,0,0,0,1.0,1.0,1.0
1000,60,19,0.3734024697064055,4,0,0.0,0.0,0.7557432930630122,0.7579026926441451,0.1,4,,,,0,0,0,1.0,1.0,1.0
2000,60,60,0.21012530718890962,4,0,0.0,0.0,0.4332887944505146,0.4332887944505146,0.1,4,,,,0,0,0,1.0,1.0,1.0
5000,60,159,0.12907895012938111,4,0,0.0,0.0,0.25262544898423717,0.2729585514988178,0.1,4,,,,0,0,0,1.0,1.0,1.0
10000,60,291,0.09541298699261173,4,0,0.0,0.0,0.2231314601766033,0.2231314601766033,0.1,4,,,,0,0,0,1.0,1.0,1.0
20000,60,661,0.06330722203657277,4,0,0.0,0.0,0.1272882549413375,0.1272882549413375,0.1,4,,,,0,0,0,1.0,1.0,1.0
50000,60,1503,0.04198309930905718,4,1,0.09216656154797197,0.0,0.09216656154797197,0.10703056078488662,0.007833438452028038,49,,45,,0,1,0,1.0,0.9559380378657487,1.0
500,61,19,0.3734024697064055,5,0,0.0,0.0,0.8035510254892133,0.8035510254892133,0.1,5,,,,0,0,0,1.0,1.0,1.0
1000,61,31,0.2923298337811533,5,0,0.0,0.0,0.5267289353189778,0.5496128770903423,0.1,5,,,,0,0,0,1.0,1.0,1.0
2000,61,68,0.19737835730013628,5,0,0.0,0.0,0.34948733392794656,0.3538268511451634,0.1,5,,,,0,0,0,1.0,1.0,1.0
5000,61,147,0.13424413447640776,5,0,0.0,0.0,0.24591599719707716,0.24811713948879455,0.1,5,,,,0,0,0,1.0,1.0,1.0
10000,61,269,0.09923796422624552,5,0,0.0,0.0,0.18130107937088097,0.18826252037818308,0.1,5,,,,0,0,0,1.0,1.0,1.0
20000,61,592,0.06689491915110697,5,0,0.0,0.0,0.11900580156949739,0.12564303392437776,0.1,5,,,,0,0,0,1.0,1.0,1.0
50000,61,1507,0.041927344836504524,5,2,0.08590092546535885,0.0,0.08590092546535885,0.08590092546535885,0.014099074534641154,93,,85,93,0,1,1,1.0,0.9343537414965987,0.9979591836734694
500,62,23,0.33938298766476444,5,0,0.0,0.0,0.6486175708836268,0.7120157355577146,0.1,5,,,,0,0,0,1.0,1.0,1.0
1000,62,33,0.28333290641361875,5,0,0.0,0.0,0.502714804588024,0.502714804588024,0.1,5,,,,0,0,0,1.0,1.0,1.0
2000,62,76,0.18670123485320275,5,0,0.0,0.0,0.34475181547774025,0.34475181547774025,0.1,5,,,,0,0,0,1.0,1.0,1.0
5000,62,152,0.13201770922060185,5,0,0.0,0.0,0.25477899646534724,0.25486110925585337,0.1,5,,,,0,0,0,1.0,1.0,1.0
10000,62,279,0.0974432779270511,5,0,0.0,0.0,0.16801865227288054,0.17690306743526713,0.1,5,,,,0,0,0,1.0,1.0,1.0
20000,62,588,0.06712206723820388,5,0,0.0,0.0,0.1276021890942802,0.14127252768011242,0.1,5,,,,0,0,0,1.0,1.0,1.0
50000,62,1539,0.04148916330071172,5,1,0.07760127171708174,0.0,0.07760127171708174,0.09039291012697741,0.022398728282918265,50,,46,50,0,1,1,1.0,0.9718889269797737,0.9838875557079191
500,63,19,0.3734024697064055,6,0,0.0,0.0,0.7915605342363259,0.7915605342363259,0.1,6,,,,0,0,0,1.0,1.0,1.0
1000,63,21,0.3551765947936871,6,0,0.0,0.0,0.6642089628313979,0.6642089628313979,0.1,6,,,,0,0,0,1.0,1.0,1.0
2000,63,57,0.21558401640106428,6,0,0.0,0.0,0.48295625922520896,0.48295625922520896,0.1,6,,,,0,0,0,1.0,1.0,1.0
5000,63,147,0.13424413447640776,6,0,0.0,0.0,0.25305045119642533,0.25305045119642533,0.1,6,,,,0,0,0,1.0,1.0,1.0
10000,63,340,0.08827028484206932,6,0,0.0,0.0,0.19283522459902308,0.19283522459902308,0.1,6,,,,0,0,0,1.0,1.0,1.0
20000,63,600,0.06644745647595071,6,0,0.0,0.0,0.13641825972674482,0.1461584054456147,0.1,6,,,,0,0,0,1.0,1.0,1.0
50000,63,1458,0.042626063203728984,6,2,0.08606866415480968,0.0,0.08606866415480968,0.08606866415480968,0.013931335845190324,85,,78,85,0,1,1,1.0,0.9325955734406438,0.999664654594232
500,64,19,0.3734024697064055,7,0,0.0,0.0,0.7562852096914159,0.7562852096914159,0.1,7,,,,0,0,0,1.0,1.0,1.0
1000,64,28,0.30759195392098476,7,0,0.0,0.0,0.5569020778854977,0.5680082476436474,0.1,7,,,,0,0,0,1.0,1.0,1.0
2000,64,59,0.21189854796992597,7,0,0.0,0.0,0.3514489814469557,0.35680316402419276,0.1,7,,,,0,0,0,1.0,1.0,1.0
5000,64,150,0.13289491295190142,7,0,0.0,0.0,0.24607768648458803,0.2590770823743607,0.1,7,,,,0,0,0,1.0,1.0,1.0
10000,64,289,0.09574256651286642,7,0,0.0,0.0,0.1713173947204057,0.17291833952885716,0.1,7,,,,0,0,0,1.0,1.0,1.0
20000,64,611,0.06584660400537712,7,0,0.0,0.0,0.14191760362527717,0.14191760362527717,0.1,7,,,,0,0,0,1.0,1.0,1.0
50000,64,1504,0.04196913984090435,7,2,0.07858917777513942,0.0,0.07534218530130446,0.07858917777513942,0.021410822224860585,98,,90,97,0,1,1,1.0,0.8889264010803511,0.974341661039838
500,65,16,0.4069059076796823,6,0,0.0,0.0,0.8077084907908115,0.8077084907908115,0.1,6,,,,0,0,0,1.0,1.0,1.0
1000,65,30,0.2971620592243688,6,0,0.0,0.0,0.5523251449496234,0.5523251449496234,0.1,6,,,,0,0,0,1.0,1.0,1.0
2000,65,53,0.22357129981173743,6,0,0.0,0.0,0.4579893126296683,0.5023581417250323,0.1,6,,,,0,0,0,1.0,1.0,1.0
5000,65,139,0.1380532345261147,6,0,0.0,0.0,0.27947102615559144,0.27947102615559144,0.1,6,,,,0,0,0,1.0,1.0,1.0
10000,65,301,0.09381466643752519,6,0,0.0,0.0,0.18653286048227052,0.18653286048227052,0.1,6,,,,0,0,0,1.0,1.0,1.0
20000,65,598,0.06655847987246359,6,0,0.0,0.0,0.1344459580895591,0.15360542988406686,0.1,6,,,,0,0,0,1.0,1.0,1.0
50000,65,1529,0.04162461636527819,6,1,0.07565018812395913,0.0,0.07565018812395913,0.09013473635776728,0.024349811876040878,41,,38,41,0,1,1,1.0,0.9062913907284769,0.964569536423841
500,66,17,0.39475671460027256,6,0,0.0,0.0,0.7081073129662632,0.7081073129662632,0.1,6,,,,0,0,0,1.0,1.0,1.0
1000,66,24,0.33223728237975353,6,0,0.0,0.0,0.5707958065540226,0.6240788577610021,0.1,6,,,,0,0,0,1.0,1.0,1.0
2000,66,57,0.21558401640106428,6,0,0.0,0.0,0.4128643697804014,0.4170768887180557,0.1,6,,,,0,0,0,1.0,1.0,1.0
5000,66,152,0.13201770922060185,6,0,0.0,0.0,0.22099319826982355,0.2242612899935864,0.1,6,,,,0,0,0,1.0,1.0,1.0
10000,66,289,0.09574256651286642,6,0,0.0,0.0,0.1832926615564158,0.1832926615564158,0.1,6,,,,0,0,0,1.0,1.0,1.0
20000,66,600,0.06644745647595071,6,0,0.0,0.0,0.12520647174684632,0.12765360302118461,0.1,6,,,,0,0,0,1.0,1.0,1.0
50000,66,1469,0.04246616947901671,6,1,0.09485928997672295,0.0,0.09485928997672295,0.11411480054817681,0.005140710023277054,40,,37,,0,1,0,1.0,0.8711409395973154,1.0
500,67,12,0.4698544706674272,4,0,0.0,0.0,0.9301980666755385,0.9780130927437855,0.1,4,,,,0,0,0,1.0,1.0,1.0
1000,67,28,0.30759195392098476,4,0,0.0,0.0,0.5816602882193376,0.5816602882193376,0.1,4,,,,0,0,0,1.0,1.0,1.0
2000,67,53,0.22357129981173743,4,0,0.0,0.0,0.4187846045154551,0.4187846045154551,0.1,4,,,,0,0,0,1.0,1.0,1.0
5000,67,149,0.13334012328758782,4,0,0.0,0.0,0.26530507296704553,0.2791131298053285,0.1,4,,,,0,0,0,1.0,1.0,1.0
10000,67,301,0.09381466643752519,4,0,0.0,0.0,0.19302339600489338,0.19302339600489338,0.1,4,,,,0,0,0,1.0,1.0,1.0
20000,67,591,0.06695148991737002,4,0,0.0,0.0,0.1327705286387833,0.15556051914588798,0.1,4,,,,0,0,0,1.0,1.0,1.0
50000,67,1542,0.04144878454340757,4,2,0.08500051569774818,0.0,0.08500051569774818,0.08500051569774818,0.014999484302251828,73,,67,73,0,1,1,1.0,0.9522689075630252,0.9922689075630252
500,68,18,0.38363456883356084,8,0,0.0,0.0,0.7108591480081815,0.722806451835485,0.1,8,,,,0,0,0,1.0,1.0,1.0
1000,68,30,0.2971620592243688,8,0,0.0,0.0,0.5307263500810635,0.5307263500810635,0.1,8,,,,0,0,0,1.0,1.0,1.0
2000,68,53,0.22357129981173743,8,0,0.0,0.0,0.37338560433189866,0.37621499377878953,0.1,8,,,,0,0,0,1.0,1.0,1.0
5000,68,138,0.1385525245266584,8,0,0.0,0.0,0.3144612613898068,0.3144612613898068,0.1,8,,,,0,0,0,1.0,1.0,1.0
10000,68,285,0.09641210310704186,8,0,0.0,0.0,0.18668821926747373,0.2032357684430659,0.1,8,,,,0,0,0,1.0,1.0,1.0
20000,68,602,0.06633698681272807,8,0,0.0,0.0,0.12458865133083775,0.12880564202205266,0.1,8,,,,0,0,0,1.0,1.0,1.0
50000,68,1524,0.0416928423025004,8,1,0.08112935428262018,0.0,0.08112935428262018,0.09280380218072792,0.018870645717379828,47,,44,,0,1,0,1.0,0.8687002652519894,1.0
500,69,19,0.3734024697064055,4,0,0.0,0.0,0.7255408078132675,0.7324255946988094,0.1,4,,,,0,0,0,1.0,1.0,1.0
1000,69,32,0.2877259266251706,4,0,0.0,0.0,0.5003235392702736,0.5003235392702736,0.1,4,,,,0,0,0,1.0,1.0,1.0
2000,69,50,0.2301807413001365,4,0,0.0,0.0,0.46707473840701974,0.4992476134438502,0.1,4,,,,0,0,0,1.0,1.0,1.0
5000,69,127,0.14442824235977533,4,0,0.0,0.0,0.29279133432384763,0.29279133432384763,0.1,4,,,,0,0,0,1.0,1.0,1.0
10000,69,279,0.0974432779270511,4,0,0.0,0.0,0.16977960728882455,0.16977960728882455,0.1,4,,,,0,0,0,1.0,1.0,1.0
20000,69,623,0.06520936381265156,4,0,0.0,0.0,0.11439386842463586,0.12588911253370735,0.1,4,,,,0,0,0,1.0,1.0,1.0
50000,69,1477,0.04235100677349378,4,1,0.07973899735589812,0.0,0.07973899735589812,0.09058094720126002,0.020261002644101883,38,,36,,0,1,0,1.0,0.9233149931224209,1.0
500,70,17,0.39475671460027256,8,0,0.0,0.0,0.8408331134079741,0.8887879297515207,0.1,8,,,,0,0,0,1.0,1.0,1.0
1000,70,25,0.32552472614374584,8,0,0.0,0.0,0.5623238862832084,0.5623238862832084,0.1,8,,,,0,0,0,1.0,1.0,1.0
2000,70,61,0.20839585138227815,8,0,0.0,0.0,0.4302407355135244,0.4302407355135244,0.1,8,,,,0,0,0,1.0,1.0,1.0
5000,70,174,0.12338982901306601,8,0,0.0,0.0,0.2626105574078488,0.26649266529587257,0.1,8,,,,0,0,0,1.0,1.0,1.0
10000,70,302,0.09365921535072053,8,0,0.0,0.0,0.1762824575126689,0.1888372250475802,0.1,8,,,,0,0,0,1.0,1.0,1.0
20000,70,610,0.06590055452979479,8,0,0.0,0.0,0.1307816863714047,0.13752202200868158,0.1,8,,,,0,0,0,1.0,1.0,1.0
50000,70,1607,0.040601871106150815,8,1,0.08051810132151022,0.0,0.08051810132151022,0.09241537510936987,0.01948189867848979,46,,43,,0,1,0,1.0,0.8766386554621849,1.0
500,71,13,0.4514215736702495,9,0,0.0,0.0,0.8826454752036608,0.9077571765818071,0.1,9,9,9,9,1,1,1,0.8998682476943346,0.8998682476943346,0.8998682476943346
1000,71,22,0.3470105240265526,9,0,0.0,0.0,0.6091453451667165,0.6091453451667165,0.1,9,9,9,9,1,1,1,0.8998682476943346,0.8998682476943346,0.8998682476943346
2000,71,69,0.1959428592866312,9,0,0.0,0.0,0.35389418964570496,0.37402863009087,0.1,9,9,9,9,1,1,1,0.8998682476943346,0.8998682476943346,0.8998682476943346
5000,71,161,0.12827471208100977,9,0,0.0,0.0,0.23880481204987727,0.2451459846805163,0.1,9,9,9,9,1,1,1,0.8998682476943346,0.8998682476943346,0.8998682476943346
10000,71,334,0.08905960264998776,9,0,0.0,0.0,0.19464552343478658,0.1972620691616206,0.1,9,9,9,9,1,1,1,0.8998682476943346,0.8998682476943346,0.8998682476943346
20000,71,631,0.06479467366824984,9,0,0.0,0.0,0.1549537698035356,0.16002276224639533,0.1,9,9,9,9,1,1,1,0.8998682476943346,0.8998682476943346,0.8998682476943346
50000,71,1474,0.04239408290611424,9,2,0.08995796441655543,0.0,0.08520694029504748,0.08995796441655543,0.010042035583444575,86,9,79,,1,1,0,0.8998682476943346,0.8402503293807642,1.0
500,72,15,0.42025061437781924,1,0,0.0,0.0,0.795219372322997,0.8148323778979978,0.1,1,,,,0,0,0,1.0,1.0,1.0
1000,72,25,0.32552472614374584,1,0,0.0,0.0,0.6248633438106026,0.7023374826843858,0.1,1,,,,0,0,0,1.0,1.0,1.0
2000,72,58,0.21371745298786668,1,0,0.0,0.0,0.410357188079153,0.410357188079153,0.1,1,,,,0,0,0,1.0,1.0,1.0
5000,72,142,0.1365871409222332,1,0,0.0,0.0,0.2813906925231302,0.28699066376306803,0.1,1,,,,0,0,0,1.0,1.0,1.0
10000,72,323,0.09056340138035343,1,0,0.0,0.0,0.22240898288447997,0.22303342403220294,0.1,1,,,,0,0,0,1.0,1.0,1.0
20000,72,621,0.06531428642887706,1,0,0.0,0.0,0.13069907006275386,0.13309154913635868,0.1,1,,,,0,0,0,1.0,1.0,1.0
50000,72,1523,0.041706527791889984,1,2,0.07423078016773577,0.0,0.07423078016773577,0.07423078016773577,0.02576921983226424,97,,89,96,0,1,1,1.0,0.8564340059543499,0.9715514389679126
500,73,22,0.3470105240265526,8,0,0.0,0.0,0.6209363711169151,0.7115910689166074,0.1,8,,,,0,0,0,1.0,1.0,1.0
1000,73,30,0.2971620592243688,8,0,0.0,0.0,0.573616198541223,0.573616198541223,0.1,8,,,,0,0,0,1.0,1.0,1.0
2000,73,60,0.21012530718890962,8,0,0.0,0.0,0.40526634947380635,0.41360951018210246,0.1,8,,,,0,0,0,1.0,1.0,1.0
5000,73,122,0.14735811968355284,8,0,0.0,0.0,0.28692371430904484,0.2952893893224291,0.1,8,,,,0,0,0,1.0,1.0,1.0
10000,73,292,0.09524946847142562,8,0,0.0,0.0,0.1804775507454549,0.1804775507454549,0.1,8,,,,0,0,0,1.0,1.0,1.0
20000,73,586,0.06723651244874064,8,0,0.0,0.0,0.15520885225665013,0.15520885225665013,0.1,8,,,,0,0,0,1.0,1.0,1.0
50000,73,1499,0.042039076799664905,8,2,0.09939142064972509,0.0,0.09181839927145971,0.09939142064972509,0.0006085793502749182,85,,78,,0,1,0,1.0,0.9276750330250991,1.0
500,74,13,0.4514215736702495,5,0,0.0,0.0,0.9081021660153573,0.9884593088725002,0.1,5,,,,0,0,0,1.0,1.0,1.0
1000,74,28,0.30759195392098476,5,0,0.0,0.0,0.5290665761293116,0.5378573388965007,0.1,5,,,,0,0,0,1.0,1.0,1.0
2000,74,52,0.22571078683512474,5,0,0.0,0.0,0.4240337212893621,0.4240337212893621,0.1,5,,,,0,0,0,1.0,1.0,1.0
5000,74,151,0.13245413259021133,5,0,0.0,0.0,0.25748368396630067,0.25748368396630067,0.1,5,,,,0,0,0,1.0,1.0,1.0
10000,74,303,0.0935045344601037,5,0,0.0,0.0,0.1780487999449343,0.1780487999449343,0.1,5,,,,0,0,0,1.0,1.0,1.0
20000,74,627,0.06500102665455953,5,0,0.0,0.0,0.13169408059671084,0.13470156702629427,0.1,5,,,,0,0,0,1.0,1.0,1.0
50000,74,1510,0.04188567444870058,5,1,0.07025561790202617,0.0,0.07025561790202617,0.08143239185770612,0.029744382097973837,40,,37,40,0,1,1,1.0,0.9210702341137124,0.9836120401337792
500,75,29,0.3022421205312754,12,0,0.0,0.0,0.6822651995568094,0.6822651995568094,0.1,12,12,12,12,1,1,1,0.9357484620642516,0.9357484620642516,0.9357484620642516
1000,75,36,0.27127060511978823,12,0,0.0,0.0,0.5154730803295787,0.5154730803295787,0.1,12,12,12,12,1,1,1,0.9357484620642516,0.9357484620642516,0.9357484620642516
2000,75,68,0.19737835730013628,12,0,0.0,0.0,0.4232520015856257,0.4232520015856257,0.1,12,12,12,12,1,1,1,0.9357484620642516,0.9357484620642516,0.9357484620642516
5000,75,164,0.12709605267406765,12,0,0.0,0.0,0.25851725065210257,0.25851725065210257,0.1,12,12,12,12,1,1,1,0.9357484620642516,0.9357484620642516,0.9357484620642516
10000,75,311,0.09229406873178571,12,0,0.0,0.0,0.16210671473966765,0.1697855569151153,0.1,12,12,12,12,1,1,1,0.9357484620642516,0.9357484620642516,0.9357484620642516
20000,75,587,0.06717921673109249,12,0,0.0,0.0,0.15758726961533867,0.16602758859102518,0.1,12,12,12,12,1,1,1,0.9357484620642516,0.9357484620642516,0.9357484620642516
50000,75,1485,0.04223677593356251,12,2,0.0941830684640029,0.0,0.0886566758437364,0.0941830684640029,0.005816931535997105,93,12,85,,1,1,0,0.9357484620642516,0.9227614490772386,1.0
500,76,19,0.3734024697064055,10,0,0.0,0.0,0.7157009183180632,0.8144951754302991,0.1,10,10,10,10,1,1,1,0.9846050870147256,0.9846050870147256,0.9846050870147256
1000,76,28,0.30759195392098476,10,0,0.0,0.0,0.5409661265062372,0.5510302497461691,0.1,10,10,10,10,1,1,1,0.9846050870147256,0.9846050870147256,0.9846050870147256
2000,76,57,0.21558401640106428,10,0,0.0,0.0,0.419863113507749,0.4694806253323187,0.1,10,10,10,10,1,1,1,0.9846050870147256,0.9846050870147256,0.9846050870147256
5000,76,147,0.13424413447640776,10,0,0.0,0.0,0.26131266616234905,0.2661566963722312,0.1,10,10,10,10,1,1,1,0.9846050870147256,0.9846050870147256,0.9846050870147256
10000,76,298,0.09428570538090363,10,0,0.0,0.0,0.18217770820578288,0.18217770820578288,0.1,10,10,10,10,1,1,1,0.9846050870147256,0.9846050870147256,0.9846050870147256
20000,76,622,0.06526176186354297,10,0,0.0,0.0,0.13794946269804947,0.15627175412834984,0.1,10,10,10,10,1,1,1,0.9846050870147256,0.9846050870147256,0.9846050870147256
50000,76,1467,0.04249510724692616,10,2,0.0903306435422518,0.0,0.08598701316200776,0.0903306435422518,0.009669356457748204,93,10,85,,1,1,0,0.9846050870147256,0.9384203480589023,1.0
500,77,17,0.39475671460027256,10,0,0.0,0.0,0.7034014306133218,0.822693833426256,0.1,10,10,10,10,1,1,1,0.9706378670266622,0.9706378670266622,0.9706378670266622
1000,77,30,0.2971620592243688,10,0,0.0,0.0,0.533032626377586,0.5339058431895665,0.1,10,10,10,10,1,1,1,0.9706378670266622,0.9706378670266622,0.9706378670266622
2000,77,70,0.19453823286637434,10,0,0.0,0.0,0.35816346484008565,0.3812271674070688,0.1,10,10,10,10,1,1,1,0.9706378670266622,0.9706378670266622,0.9706378670266622
5000,77,137,0.13905727127853038,10,0,0.0,0.0,0.27365204029823686,0.2871000448008152,0.1,10,10,10,10,1,1,1,0.9706378670266622,0.9706378670266622,0.9706378670266622
10000,77,284,0.09658169356899368,10,0,0.0,0.0,0.18871299506297085,0.18871299506297085,0.1,10,10,10,10,1,1,1,0.9706378670266622,0.9706378670266622,0.9706378670266622
20000,77,574,0.06793569775967645,10,0,0.0,0.0,0.15407302370210177,0.15974456122197953,0.1,10,10,10,10,1,1,1,0.9706378670266622,0.9706378670266622,0.9706378670266622
50000,77,1493,0.04212346445929627,10,2,0.08864154527484541,0.0,0.08864154527484541,0.08864154527484541,0.011358454725154593,93,10,85,93,1,1,1,0.9706378670266622,0.8768140398245022,0.9706378670266622
500,78,8,0.5754518532503412,7,0,0.0,0.0,1.0,1.0,0.1,7,,,,0,0,0,1.0,1.0,1.0
1000,78,34,0.2791351498127753,7,0,0.0,0.0,0.4875308353202956,0.5053998651759259,0.1,7,,,,0,0,0,1.0,1.0,1.0
2000,78,44,0.24537349468227274,7,0,0.0,0.0,0.5356120867228982,0.5382495858561968,0.1,7,,,,0,0,0,1.0,1.0,1.0
5000,78,152,0.13201770922060185,7,0,0.0,0.0,0.24938424951310703,0.26754247905350703,0.1,7,,,,0,0,0,1.0,1.0,1.0
10000,78,283,0.09675218212811172,7,0,0.0,0.0,0.20706249191847664,0.20706249191847664,0.1,7,,,,0,0,0,1.0,1.0,1.0
20000,78,586,0.06723651244874064,7,0,0.0,0.0,0.11763063518196365,0.12886272635513463,0.1,7,,,,0,0,0,1.0,1.0,1.0
50000,78,1469,0.04246616947901671,7,1,0.0712162604143474,0.0,0.0712162604143474,0.08475108484345473,0.028783739585652612,49,,45,49,0,1,1,1.0,0.9766744418527158,0.9920026657780739
500,79,13,0.4514215736702495,6,0,0.0,0.0,0.8591866623965708,0.8843875815718918,0.1,6,,,,0,0,0,1.0,1.0,1.0
1000,79,33,0.28333290641361875,6,0,0.0,0.0,0.5363969080734797,0.5363969080734797,0.1,6,,,,0,0,0,1.0,1.0,1.0
2000,79,64,0.20345295383984116,6,0,0.0,0.0,0.3980296245055429,0.3980296245055429,0.1,6,,,,0,0,0,1.0,1.0,1.0
5000,79,148,0.13378983830221394,6,0,0.0,0.0,0.2272741887309725,0.2635622485493841,0.1,6,,,,0,0,0,1.0,1.0,1.0
10000,79,277,0.09779442601248794,6,0,0.0,0.0,0.18727980419537144,0.18727980419537144,0.1,6,,,,0,0,0,1.0,1.0,1.0
20000,79,583,0.06740928321523526,6,0,0.0,0.0,0.14323505360032507,0.14323505360032507,0.1,6,,,,0,0,0,1.0,1.0,1.0
50000,79,1520,0.04174766526149143,6,1,0.09101900517821154,0.0,0.09101900517821154,0.10397143302858752,0.008980994821788463,42,,39,,0,1,0,1.0,0.8461280590010057,1.0
500,80,8,0.5754518532503412,4,0,0.0,0.0,0.9878314122058549,0.9878314122058549,0.1,4,,,,0,0,0,1.0,1.0,1.0
1000,80,29,0.3022421205312754,4,0,0.0,0.0,0.5754561071529758,0.6087252330266042,0.1,4,,,,0,0,0,1.0,1.0,1.0
2000,80,52,0.22571078683512474,4,0,0.0,0.0,0.408473660827834,0.4343072753951537,0.1,4,,,,0,0,0,1.0,1.0,1.0
5000,80,153,0.1315855715334242,4,0,0.0,0.0,0.24895152393975858,0.2512564477555839,0.1,4,,,,0,0,0,1.0,1.0,1.0
10000,80,298,0.09428570538090363,4,0,0.0,0.0,0.17394858933122642,0.1788778316810326,0.1,4,,,,0,0,0,1.0,1.0,1.0
20000,80,553,0.069213597155739,4,0,0.0,0.0,0.14672842249970136,0.15323145935922675,0.1,4,,,,0,0,0,1.0,1.0,1.0
50000,80,1518,0.041775157964676346,4,1,0.09373732674726247,0.0,0.09373732674726247,0.10131516872650012,0.006262673252737536,54,,50,,0,1,0,1.0,0.7707563025210084,1.0
500,81,18,0.38363456883356084,9,0,0.0,0.0,0.8366709756180156,0.8856007370055812,0.1,9,9,9,9,1,1,1,0.9525718102872411,0.9525718102872411,0.9525718102872411
1000,81,25,0.32552472614374584,9,0,0.0,0.0,0.6828765905923988,0.6828765905923988,0.1,9,9,9,9,1,1,1,0.9525718102872411,0.9525718102872411,0.9525718102872411
2000,81,75,0.18794178826697086,9,0,0.0,0.0,0.36481520812365176,0.3871673694075725,0.1,9,9,9,9,1,1,1,0.9525718102872411,0.9525718102872411,0.9525718102872411
5000,81,122,0.14735811968355284,9,0,0.0,0.0,0.27741131705301847,0.31507905513145634,0.1,9,9,9,9,1,1,1,0.9525718102872411,0.9525718102872411,0.9525718102872411
10000,81,304,0.09335061742660138,9,0,0.0,0.0,0.18005934268363877,0.18005934268363877,0.1,9,9,9,9,1,1,1,0.9525718102872411,0.9525718102872411,0.9525718102872411
20000,81,579,0.06764172970922092,9,0,0.0,0.0,0.14798316924162902,0.14798316924162902,0.1,9,9,9,9,1,1,1,0.9525718102872411,0.9525718102872411,0.9525718102872411
50000,81,1505,0.04195519428815487,9,1,0.07476087227539849,0.0,0.07476087227539849,0.08666286446506839,0.025239127724601518,51,9,47,51,1,1,1,0.9525718102872411,0.9458917835671342,0.9649298597194389
500,82,10,0.5146997846583985,10,0,0.0,0.0,1.0,1.0,0.1,10,10,10,10,1,1,1,0.7771739130434783,0.7771739130434783,0.7771739130434783
1000,82,37,0.2675796766044279,10,0,0.0,0.0,0.5783457229301718,0.5783457229301718,0.1,10,10,10,10,1,1,1,0.7771739130434783,0.7771739130434783,0.7771739130434783
2000,82,57,0.21558401640106428,10,0,0.0,0.0,0.3781043597746736,0.3781043597746736,0.1,10,10,10,10,1,1,1,0.7771739130434783,0.7771739130434783,0.7771739130434783
5000,82,150,0.13289491295190142,10,0,0.0,0.0,0.25609322592727707,0.25609322592727707,0.1,10,10,10,10,1,1,1,0.7771739130434783,0.7771739130434783,0.7771739130434783
10000,82,326,0.09014573550465325,10,0,0.0,0.0,0.17958004056259813,0.1970439487007533,0.1,10,10,10,10,1,1,1,0.7771739130434783,0.7771739130434783,0.7771739130434783
20000,82,613,0.06573909927407796,10,0,0.0,0.0,0.13131324865919997,0.13131324865919997,0.1,10,10,10,10,1,1,1,0.7771739130434783,0.7771739130434783,0.7771739130434783
50000,82,1510,0.04188567444870058,10,1,0.08148779653073683,0.0,0.08148779653073683,0.09197500263077567,0.018512203469263175,47,10,44,,1,1,0,0.7771739130434783,0.9402173913043478,1.0
500,83,10,0.5146997846583985,8,0,0.0,0.0,1.0,1.0,0.1,8,,,,0,0,0,1.0,1.0,1.0
1000,83,28,0.30759195392098476,8,0,0.0,0.0,0.5809488883927584,0.5809488883927584,0.1,8,,,,0,0,0,1.0,1.0,1.0
2000,83,70,0.19453823286637434,8,0,0.0,0.0,0.4688975510889915,0.4688975510889915,0.1,8,,,,0,0,0,1.0,1.0,1.0
5000,83,152,0.13201770922060185,8,0,0.0,0.0,0.25816421758162816,0.26669870179822175,0.1,8,,,,0,0,0,1.0,1.0,1.0
10000,83,320,0.09098692700180233,8,0,0.0,0.0,0.1752531143423923,0.1808891306421566,0.1,8,,,,0,0,0,1.0,1.0,1.0
20000,83,561,0.06871832355038786,8,0,0.0,0.0,0.14849790884419126,0.14849790884419126,0.1,8,,,,0,0,0,1.0,1.0,1.0
50000,83,1441,0.04287676354019946,8,2,0.09396134061776422,0.0,0.08643708026263047,0.09396134061776422,0.0060386593822357865,93,,85,,0,1,0,1.0,0.8871452420701169,1.0
500,84,14,0.4350007129118968,4,0,0.0,0.0,0.8395833872219749,0.8588146369968064,0.1,4,,,,0,0,0,1.0,1.0,1.0
1000,84,31,0.2923298337811533,4,0,0.0,0.0,0.5983764611775546,0.5983764611775546,0.1,4,,,,0,0,0,1.0,1.0,1.0
2000,84,76,0.18670123485320275,4,0,0.0,0.0,0.40336560883422223,0.40336560883422223,0.1,4,,,,0,0,0,1.0,1.0,1.0
5000,84,154,0.13115764984235173,4,0,0.0,0.0,0.23404439957833917,0.23404439957833917,0.1,4,,,,0,0,0,1.0,1.0,1.0
10000,84,285,0.09641210310704186,4,0,0.0,0.0,0.16091168362995772,0.17511458910967329,0.1,4,,,,0,0,0,1.0,1.0,1.0
20000,84,630,0.06484607762212478,4,0,0.0,0.0,0.13263061744520827,0.13263061744520827,0.1,4,,,,0,0,0,1.0,1.0,1.0
50000,84,1526,0.04166551169169547,4,2,0.07706758793633768,0.0,0.07656869615124497,0.07706758793633768,0.022932412063662325,100,,91,99,0,1,1,1.0,0.9194985153414714,0.9930715935334873
500,85,10,0.5146997846583985,6,0,0.0,0.0,1.0,1.0,0.1,6,,,,0,0,0,1.0,1.0,1.0
1000,85,34,0.2791351498127753,6,0,0.0,0.0,0.5399178810515164,0.5399178810515164,0.1,6,,,,0,0,0,1.0,1.0,1.0
2000,85,71,0.19316338713798736,6,0,0.0,0.0,0.3472348843828354,0.3877696648786339,0.1,6,,,,0,0,0,1.0,1.0,1.0
5000,85,146,0.13470309012111864,6,0,0.0,0.0,0.267411151527845,0.267411151527845,0.1,6,,,,0,0,0,1.0,1.0,1.0
10000,85,309,0.09259227328500041,6,0,0.0,0.0,0.20836149858933625,0.20836149858933625,0.1,6,,,,0,0,0,1.0,1.0,1.0
20000,85,629,0.06489760411227476,6,0,0.0,0.0,0.1380725522274975,0.14688854585189312,0.1,6,,,,0,0,0,1.0,1.0,1.0
50000,85,1548,0.04136837945402825,6,2,0.07750176008715072,0.0,0.07129090821964718,0.07750176008715072,0.022498239912849285,89,,81,88,0,1,1,1.0,0.9363484087102177,0.9574539363484087
500,86,14,0.4350007129118968,5,0,0.0,0.0,0.9271738482403464,0.9271738482403464,0.1,5,,,,0,0,0,1.0,1.0,1.0
1000,86,31,0.2923298337811533,5,0,0.0,0.0,0.6693700643512358,0.6693700643512358,0.1,5,,,,0,0,0,1.0,1.0,1.0
2000,86,68,0.19737835730013628,5,0,0.0,0.0,0.4127353873915875,0.4127353873915875,0.1,5,,,,0,0,0,1.0,1.0,1.0
5000,86,139,0.1380532345261147,5,0,0.0,0.0,0.2400650639462952,0.2400650639462952,0.1,5,,,,0,0,0,1.0,1.0,1.0
10000,86,300,0.09397089413348543,5,0,0.0,0.0,0.2157671984030749,0.21630659347978515,0.1,5,,,,0,0,0,1.0,1.0,1.0
20000,86,605,0.06617231054676534,5,0,0.0,0.0,0.12993902522486458,0.13093200218279924,0.1,5,,,,0,0,0,1.0,1.0,1.0
50000,86,1485,0.04223677593356251,5,1,0.08554048202743139,0.0,0.08554048202743139,0.1074632993255683,0.014459517972568614,48,,45,,0,1,0,1.0,0.842495784148398,1.0
500,87,21,0.3551765947936871,7,0,0.0,0.0,0.7115751571958451,0.7513347503534964,0.1,7,,,,0,0,0,1.0,1.0,1.0
1000,87,30,0.2971620592243688,7,0,0.0,0.0,0.5169966740097076,0.5733751200564798,0.1,7,,,,0,0,0,1.0,1.0,1.0
2000,87,60,0.21012530718890962,7,0,0.0,0.0,0.41129291942537344,0.4145290912181046,0.1,7,,,,0,0,0,1.0,1.0,1.0
5000,87,137,0.13905727127853038,7,0,0.0,0.0,0.2749518620653865,0.2920798669479096,0.1,7,,,,0,0,0,1.0,1.0,1.0
10000,87,318,0.09127260094492558,7,0,0.0,0.0,0.17440884652091881,0.1822473050777847,0.1,7,,,,0,0,0,1.0,1.0,1.0
20000,87,576,0.06781765127994706,7,0,0.0,0.0,0.12380514817890817,0.12787531940805713,0.1,7,,,,0,0,0,1.0,1.0,1.0
50000,87,1489,0.04218000604777984,7,1,0.07944195296312367,0.0,0.07944195296312367,0.09023697117272958,0.02055804703687633,47,,44,,0,1,0,1.0,0.9389466621938947,1.0
500,88,16,0.4069059076796823,5,0,0.0,0.0,0.7013202706252,0.7231835760229803,0.1,5,,,,0,0,0,1.0,1.0,1.0
1000,88,34,0.2791351498127753,5,0,0.0,0.0,0.6063861428593137,0.6063861428593137,0.1,5,,,,0,0,0,1.0,1.0,1.0
2000,88,51,0.22791289543887963,5,0,0.0,0.0,0.4904215279552082,0.4904215279552082,0.1,5,,,,0,0,0,1.0,1.0,1.0
5000,88,169,0.12520181774759456,5,0,0.0,0.0,0.23275443932716217,0.23536623484512076,0.1,5,,,,0,0,0,1.0,1.0,1.0
10000,88,307,0.09289338716368743,5,0,0.0,0.0,0.1617322836649307,0.172847858023281,0.1,5,,,,0,0,0,1.0,1.0,1.0
20000,88,603,0.06628195819536642,5,0,0.0,0.0,0.1455507955061527,0.1455507955061527,0.1,5,,,,0,0,0,1.0,1.0,1.0
50000,88,1445,0.042817377412612864,5,1,0.07330559190572626,0.0,0.07330559190572626,0.08601243773535583,0.026694408094273744,41,,38,41,0,1,1,1.0,0.9088515959197104,0.9828891082592959
500,89,15,0.42025061437781924,3,0,0.0,0.0,0.7536304551738853,0.7567753192589641,0.1,3,,,,0,0,0,1.0,1.0,1.0
1000,89,30,0.2971620592243688,3,0,0.0,0.0,0.5134765924198847,0.5253507385110571,0.1,3,,,,0,0,0,1.0,1.0,1.0
2000,89,64,0.20345295383984116,3,0,0.0,0.0,0.3692828982327524,0.3692828982327524,0.1,3,,,,0,0,0,1.0,1.0,1.0
5000,89,142,0.1365871409222332,3,0,0.0,0.0,0.24265432947504803,0.24863682255692443,0.1,3,,,,0,0,0,1.0,1.0,1.0
10000,89,281,0.09709588545610674,3,0,0.0,0.0,0.2231983754519411,0.22773140663787989,0.1,3,,,,0,0,0,1.0,1.0,1.0
20000,89,604,0.06622706629510566,3,0,0.0,0.0,0.11712045878828464,0.12436244815165738,0.1,3,,,,0,0,0,1.0,1.0,1.0
50000,89,1436,0.042951344851635084,3,1,0.07717569442878697,0.0,0.07717569442878697,0.09093343058312425,0.02282430557121304,39,,36,,0,1,0,1.0,0.9314738292011019,1.0
500,90,15,0.42025061437781924,8,0,0.0,0.0,0.9374144193777203,0.9374144193777203,0.1,8,,,,0,0,0,1.0,1.0,1.0
1000,90,33,0.28333290641361875,8,0,0.0,0.0,0.5639560207997252,0.5747653559689794,0.1,8,,,,0,0,0,1.0,1.0,1.0
2000,90,56,0.2175003564559484,8,0,0.0,0.0,0.4299358365565702,0.4299358365565702,0.1,8,,,,0,0,0,1.0,1.0,1.0
5000,90,156,0.13031418353826152,8,0,0.0,0.0,0.27479465491405597,0.28019528603223004,0.1,8,,,,0,0,0,1.0,1.0,1.0
10000,90,294,0.09492493782278673,8,0,0.0,0.0,0.18900201253117133,0.18900201253117133,0.1,8,,,,0,0,0,1.0,1.0,1.0
20000,90,548,0.06952863563926519,8,0,0.0,0.0,0.12342771166682254,0.1284228469490344,0.1,8,,,,0,0,0,1.0,1.0,1.0
50000,90,1381,0.04379828923545099,8,2,0.0879432570146567,0.0,0.0879432570146567,0.0879432570146567,0.012056742985343302,97,,89,97,0,1,1,1.0,0.9460443561734525,0.9900695134061569
500,91,12,0.4698544706674272,3,0,0.0,0.0,0.8730804321948231,0.881067320404613,0.1,3,,,,0,0,0,1.0,1.0,1.0
1000,91,28,0.30759195392098476,3,0,0.0,0.0,0.614823251716893,0.6371438782370373,0.1,3,,,,0,0,0,1.0,1.0,1.0
2000,91,66,0.20034661945836324,3,0,0.0,0.0,0.3863266832179189,0.3863266832179189,0.1,3,,,,0,0,0,1.0,1.0,1.0
5000,91,151,0.13245413259021133,3,0,0.0,0.0,0.2510352350583512,0.2510352350583512,0.1,3,,,,0,0,0,1.0,1.0,1.0
10000,91,310,0.09244281027668767,3,0,0.0,0.0,0.18030326612572414,0.18030326612572414,0.1,3,,,,0,0,0,1.0,1.0,1.0
20000,91,594,0.06678220648612108,3,0,0.0,0.0,0.13369348429097413,0.13803621545695516,0.1,3,,,,0,0,0,1.0,1.0,1.0
50000,91,1482,0.042279504094143605,3,1,0.0825950324136741,0.0,0.0825950324136741,0.09496264743333045,0.017404967586325912,50,,46,,0,1,0,1.0,0.8427651643510674,1.0
500,92,11,0.49074698936454547,12,0,0.0,0.0,0.9122831049559659,0.9122831049559659,0.1,12,12,12,12,1,1,1,0.9913246579913246,0.9913246579913246,0.9913246579913246
1000,92,37,0.2675796766044279,12,0,0.0,0.0,0.4695492114897498,0.49147537659265006,0.1,12,12,12,12,1,1,1,0.9913246579913246,0.9913246579913246,0.9913246579913246
2000,92,64,0.20345295383984116,12,0,0.0,0.0,0.47689652114670744,0.47689652114670744,0.1,12,12,12,12,1,1,1,0.9913246579913246,0.9913246579913246,0.9913246579913246
5000,92,151,0.13245413259021133,12,0,0.0,0.0,0.27675300339546804,0.27675300339546804,0.1,12,12,12,12,1,1,1,0.9913246579913246,0.9913246579913246,0.9913246579913246
10000,92,303,0.0935045344601037,12,0,0.0,0.0,0.18651860431760575,0.18651860431760575,0.1,12,12,12,12,1,1,1,0.9913246579913246,0.9913246579913246,0.9913246579913246
20000,92,664,0.0631640468317196,12,0,0.0,0.0,0.15051598512364975,0.1717139231300711,0.1,12,12,12,12,1,1,1,0.9913246579913246,0.9913246579913246,0.9913246579913246
50000,92,1470,0.0424517227463384,12,1,0.08489074986586434,0.0,0.08489074986586434,0.0960717613405959,0.015109250134135666,45,12,42,,1,1,0,0.9913246579913246,0.9366032699366033,1.0
500,93,11,0.49074698936454547,8,0,0.0,0.0,0.9003486173226134,0.9003486173226134,0.1,8,,,,0,0,0,1.0,1.0,1.0
1000,93,28,0.30759195392098476,8,0,0.0,0.0,0.5458064178632447,0.5925946624933113,0.1,8,,,,0,0,0,1.0,1.0,1.0
2000,93,70,0.19453823286637434,8,0,0.0,0.0,0.39783528002672053,0.39783528002672053,0.1,8,,,,0,0,0,1.0,1.0,1.0
5000,93,147,0.13424413447640776,8,0,0.0,0.0,0.2480488063071978,0.2480488063071978,0.1,8,,,,0,0,0,1.0,1.0,1.0
10000,93,298,0.09428570538090363,8,0,0.0,0.0,0.17998692831776575,0.20405278280904598,0.1,8,,,,0,0,0,1.0,1.0,1.0
20000,93,634,0.06464119218858469,8,0,0.0,0.0,0.11231513758422779,0.11231513758422779,0.1,8,,,,0,0,0,1.0,1.0,1.0
50000,93,1453,0.042699341688635206,8,2,0.08628872454188126,0.0,0.07938099049505583,0.08628872454188126,0.013711275458118746,84,,77,84,0,1,1,1.0,0.9390122638382499,0.998342724560822
500,94,19,0.3734024697064055,4,0,0.0,0.0,0.8654323990958025,0.9202915512223917,0.1,4,,,,0,0,0,1.0,1.0,1.0
1000,94,27,0.31323631377828476,4,0,0.0,0.0,0.6562408455791908,0.713816014840752,0.1,4,,,,0,0,0,1.0,1.0,1.0
2000,94,54,0.22149152158650237,4,0,0.0,0.0,0.38315073488551443,0.38315073488551443,0.1,4,,,,0,0,0,1.0,1.0,1.0
5000,94,141,0.13707063673830402,4,0,0.0,0.0,0.2538598074679161,0.2538598074679161,0.1,4,,,,0,0,0,1.0,1.0,1.0
10000,94,281,0.09709588545610674,4,0,0.0,0.0,0.17639858146190848,0.18576837791454692,0.1,4,,,,0,0,0,1.0,1.0,1.0
20000,94,633,0.06469223143237425,4,0,0.0,0.0,0.1464388929393297,0.15564249104724864,0.1,4,,,,0,0,0,1.0,1.0,1.0
50000,94,1500,0.042025061437781924,4,2,0.08510397458671325,0.0,0.08272402308942196,0.08510397458671325,0.01489602541328676,91,,83,91,0,1,1,1.0,0.9444444444444444,0.9854497354497355
500,95,18,0.38363456883356084,5,0,0.0,0.0,0.6663122748308048,0.7441865955914397,0.1,5,,,,0,0,0,1.0,1.0,1.0
1000,95,35,0.275118607319722,5,0,0.0,0.0,0.46732216139986227,0.5223603172358913,0.1,5,,,,0,0,0,1.0,1.0,1.0
2000,95,58,0.21371745298786668,5,0,0.0,0.0,0.3800546678849552,0.3800546678849552,0.1,5,,,,0,0,0,1.0,1.0,1.0
5000,95,147,0.13424413447640776,5,0,0.0,0.0,0.2515379537465664,0.2515379537465664,0.1,5,,,,0,0,0,1.0,1.0,1.0
10000,95,293,0.09508678779167647,5,0,0.0,0.0,0.16140571352412153,0.18871712253734313,0.1,5,,,,0,0,0,1.0,1.0,1.0
20000,95,585,0.0672939550157738,5,0,0.0,0.0,0.1481911680143418,0.1481911680143418,0.1,5,,,,0,0,0,1.0,1.0,1.0
50000,95,1444,0.04283220080838761,5,1,0.07936899597323376,0.0,0.07936899597323376,0.09246662315518642,0.02063100402676625,52,,48,52,0,1,1,1.0,0.9068042566913899,0.9970977104159948
500,96,15,0.42025061437781924,12,0,0.0,0.0,0.902977995713492,0.902977995713492,0.1,12,12,12,12,1,1,1,0.9513406156901688,0.9513406156901688,0.9513406156901688
1000,96,31,0.2923298337811533,12,0,0.0,0.0,0.5543787755858124,0.5543787755858124,0.1,12,12,12,12,1,1,1,0.9513406156901688,0.9513406156901688,0.9513406156901688
2000,96,61,0.20839585138227815,12,0,0.0,0.0,0.44349934010161307,0.44349934010161307,0.1,12,12,12,12,1,1,1,0.9513406156901688,0.9513406156901688,0.9513406156901688
5000,96,141,0.13707063673830402,12,0,0.0,0.0,0.2772214662679736,0.2786280941892381,0.1,12,12,12,12,1,1,1,0.9513406156901688,0.9513406156901688,0.9513406156901688
10000,96,317,0.09141645068106224,12,0,0.0,0.0,0.21268727705194174,0.21268727705194174,0.1,12,12,12,12,1,1,1,0.9513406156901688,0.9513406156901688,0.9513406156901688
20000,96,599,0.06650289866872171,12,0,0.0,0.0,0.15727163031451208,0.16253193955855721,0.1,12,12,12,12,1,1,1,0.9513406156901688,0.9513406156901688,0.9513406156901688
50000,96,1497,0.04206714964205871,12,0,0.0,0.0,0.104900812866498,0.104900812866498,0.1,12,12,12,12,1,1,1,0.9513406156901688,0.9513406156901688,0.9513406156901688
500,97,20,0.3639477080072093,7,0,0.0,0.0,0.6932290451034512,0.6932290451034512,0.1,7,,,,0,0,0,1.0,1.0,1.0
1000,97,42,0.2511477786973627,7,0,0.0,0.0,0.5960450501243056,0.5960450501243056,0.1,7,,,,0,0,0,1.0,1.0,1.0
2000,97,62,0.20670840780978977,7,0,0.0,0.0,0.4549683658783046,0.4549683658783046,0.1,7,,,,0,0,0,1.0,1.0,1.0
5000,97,148,0.13378983830221394,7,0,0.0,0.0,0.2601721918004288,0.2601721918004288,0.1,7,,,,0,0,0,1.0,1.0,1.0
10000,97,279,0.0974432779270511,7,0,0.0,0.0,0.21808907959869855,0.2311058094930631,0.1,7,,,,0,0,0,1.0,1.0,1.0
20000,97,604,0.06622706629510566,7,0,0.0,0.0,0.11970144353873233,0.11970144353873233,0.1,7,,,,0,0,0,1.0,1.0,1.0
50000,97,1533,0.041570276111868344,7,2,0.09068096500317119,0.0,0.09068096500317119,0.09068096500317119,0.009319034996828818,92,,84,,0,1,0,1.0,0.8617527173913043,1.0
500,98,20,0.3639477080072093,3,0,0.0,0.0,0.7567231946127371,0.7567231946127371,0.1,3,,,,0,0,0,1.0,1.0,1.0
1000,98,36,0.27127060511978823,3,0,0.0,0.0,0.5392841319099159,0.5392841319099159,0.1,3,,,,0,0,0,1.0,1.0,1.0
2000,98,67,0.19884587458609926,3,0,0.0,0.0,0.4422664797804512,0.4422664797804512,0.1,3,,,,0,0,0,1.0,1.0,1.0
5000,98,129,0.14330427008233076,3,0,0.0,0.0,0.29973082194804834,0.29973082194804834,0.1,3,,,,0,0,0,1.0,1.0,1.0
10000,98,298,0.09428570538090363,3,0,0.0,0.0,0.18178346798625888,0.18178346798625888,0.1,3,,,,0,0,0,1.0,1.0,1.0
20000,98,611,0.06584660400537712,3,0,0.0,0.0,0.1748179776939262,0.1748179776939262,0.1,3,,,,0,0,0,1.0,1.0,1.0
50000,98,1548,0.04136837945402825,3,1,0.09434889173805641,0.0,0.09434889173805641,0.11273338153166347,0.005651108261943594,48,,45,,0,1,0,1.0,0.93003300330033,1.0
500,99,14,0.4350007129118968,7,0,0.0,0.0,0.7673681184438177,0.7673681184438177,0.1,7,,,,0,0,0,1.0,1.0,1.0
1000,99,32,0.2877259266251706,7,0,0.0,0.0,0.6273589324576311,0.6273589324576311,0.1,7,,,,0,0,0,1.0,1.0,1.0
2000,99,67,0.19884587458609926,7,0,0.0,0.0,0.394943921490863,0.394943921490863,0.1,7,,,,0,0,0,1.0,1.0,1.0
5000,99,158,0.12948678353148335,7,0,0.0,0.0,0.28716464780248374,0.3149524069145034,0.1,7,,,,0,0,0,1.0,1.0,1.0
10000,99,275,0.09814939787290909,7,0,0.0,0.0,0.17600888194178885,0.17600888194178885,0.1,7,,,,0,0,0,1.0,1.0,1.0
20000,99,582,0.06746717011573962,7,0,0.0,0.0,0.11313196744852026,0.13665909915908767,0.1,7,,,,0,0,0,1.0,1.0,1.0
50000,99,1548,0.04136837945402825,7,1,0.07508877384515004,0.0,0.07508877384515004,0.09249906073891834,0.02491122615484996,51,,47,51,0,1,1,1.0,0.880967952910399,0.9421190320470896
