rare_count,method,class_id,mean_coverage,coverage_sd,mean_set_size,set_size_sd,mean_ordinal_span,full_set_rate,mean_preliminary_threshold,preliminary_threshold_variance,mean_correction,correction_sd,final_threshold_variance,infinite_correction_rate,calibration_support
5,independent_mondrian,0,1.0,0.0,1.5267950287652512,0.08677181618013861,1.5370085154888726,0.0,0.0,0.0,inf,inf,inf,1,5
5,independent_mondrian,1,0.9018529240951781,0.023563597105030153,2.7116212784577147,0.08829746887825922,2.759436249516101,0.0,0.0,0.0,0.4443477766810485,0.04251893745312548,0.0,0,100
5,independent_mondrian,2,0.8995418414530342,0.03167112747781879,2.7903472956478543,0.07280521257802912,3.482432352622285,0.0,0.0,0.0,0.8096533977116996,0.08398529864399794,0.0,0,100
5,independent_mondrian,3,0.8985207355633089,0.024683837615186957,3.2824787576571284,0.11724463427260998,4.552755889717179,0.0,0.0,0.0,0.5033185949064225,0.04491686247764362,0.0,0,100
5,independent_mondrian,4,0.8984530603491301,0.02922680484883853,2.4552723316210234,0.07327005972297072,4.735748404354056,0.0,0.0,0.0,0.6729128774619764,0.06345378216698921,0.0,0,100
5,input_dependent_nonordinal,0,1.0,0.0,1.5020916667076163,0.0735061579917911,1.5092341262294278,0.0,0.6945494530050973,0.022937654896432878,inf,inf,inf,1,5
5,input_dependent_nonordinal,1,0.906850373042839,0.03033643907557714,2.6413367042502176,0.113285441941099,2.6878208402867974,0.0,0.4086968388133518,0.019744388225355472,0.011814771347490732,0.033239143544461884,0.019744388225355472,0,100
5,input_dependent_nonordinal,2,0.894347926701811,0.03143403298735267,2.736156266704556,0.06407421036278203,3.4564795962195514,0.0,0.7852540358504364,0.02015517744496303,0.0021183477453444242,0.07223395895566907,0.02015517744496303,0,100
5,input_dependent_nonordinal,3,0.894501949197901,0.030465993520140403,3.1430217276484123,0.11565412678664048,4.477569492050475,0.0,0.4782823031364731,0.020643979356459393,-0.0024638895472305954,0.03919845118066215,0.020643979356459393,0,100
5,input_dependent_nonordinal,4,0.9002263415997135,0.02665781874959793,2.4181290612563866,0.05454625219543639,4.7416393212182735,0.0,0.6598402693311634,0.0213037561244658,0.00322110809609781,0.057491345027840854,0.0213037561244658,0,100
5,input_dependent_ordinal,0,1.0,0.0,1.5019459135941324,0.07088578667690815,1.5090241487520177,0.0,0.5236381887476546,0.020296985558579915,inf,inf,inf,1,5
5,input_dependent_ordinal,1,0.9067473587343123,0.027940809876910132,2.635956014732549,0.10705455768023586,2.6823369579365726,0.0,0.5508391811004657,0.02028370010346046,-0.13058997850644707,0.03136460405636408,0.02028370010346046,0,100
5,input_dependent_ordinal,2,0.8939831876617227,0.03166027771667332,2.734451120941597,0.06383468792355584,3.454807333374604,0.0,0.5783213127250857,0.020461217167019458,0.20720570063314842,0.06761360906411149,0.020461217167019458,0,100
5,input_dependent_ordinal,3,0.8937999430696308,0.03081483803905281,3.1388817313197226,0.11586903452614276,4.477021603980134,0.0,0.6057707234732419,0.020718738606283087,-0.13042074908589102,0.03601712694747885,0.020718738606283087,0,100
5,input_dependent_ordinal,4,0.9005624232944845,0.02657726342638132,2.417809160942657,0.05449708546121347,4.742086760465253,0.0,0.6313220659706243,0.021071485365558074,0.03201833654863434,0.05765403744485005,0.021071485365558074,0,100
5,ordinal_cluster,0,0.7325833378316142,0.04975252606280642,1.3773642730686304,0.10834497410313441,1.3773642730686304,0.0,0.0,0.0,0.4671495208575849,0.04682506910343507,0.0,0,5
5,ordinal_cluster,1,0.9765021247532861,0.010125844569467544,1.7865216343906059,0.12381435027331007,1.7865216343906059,0.0,0.0,0.0,0.6660338056579882,0.05349779266107233,0.0,0,100
5,ordinal_cluster,2,0.78984615486314,0.0309395006595401,2.0479150400460036,0.10789202903645174,2.0479150400460036,0.0,0.0,0.0,0.6004792025381209,0.040303105210561296,0.0,0,100
5,ordinal_cluster,3,0.9594560141806453,0.011964550668758858,1.979701048111857,0.11221319346932752,1.979701048111857,0.0,0.0,0.0,0.6621059394594964,0.037794022108692135,0.0,0,100
5,ordinal_cluster,4,0.855101626107768,0.02361608359457338,1.4893563779915076,0.06375432174679167,1.4893563779915076,0.0,0.0,0.0,0.5858404348081997,0.03595509953763216,0.0,0,100
10,independent_mondrian,0,0.8933652898916905,0.08545554019892668,1.4249046700259531,0.1167126751438324,1.4257998334829427,0.0,0.0,0.0,0.7764829535551075,0.24230806881472125,0.0,0,10
10,independent_mondrian,1,0.9050500658361937,0.02910114646619395,2.407268674030124,0.25315042021975465,2.411675717084935,0.0,0.0,0.0,0.45279437685640966,0.05303060090559548,0.0,0,100
10,independent_mondrian,2,0.9030688230116549,0.023399852780282455,2.026489874108561,0.17833298019606864,2.0474760413861426,0.0,0.0,0.0,0.8173749532561905,0.06404751633740192,0.0,0,100
10,independent_mondrian,3,0.9063916520036254,0.02587645979462788,2.3201883657238955,0.12237032557178107,2.324245234402125,0.0,0.0,0.0,0.5165521554578678,0.04650373043989144,0.0,0,100
10,independent_mondrian,4,0.9002213940645488,0.03249699141260411,1.47514643206715,0.07875086310809935,1.4755141795826283,0.0,0.0,0.0,0.6786684562270081,0.07140525445701018,0.0,0,100
10,input_dependent_nonordinal,0,0.9011933440970751,0.08356986377576404,1.4086337517379048,0.10372119339589139,1.4087898305988031,0.0,0.6834727214040109,0.02137187865944131,0.09089933375996097,0.21606863540065355,0.02137187865944131,0,10
10,input_dependent_nonordinal,1,0.9060185881001763,0.02920610540336689,2.326279882992301,0.2628210229513044,2.3306337889753204,0.0,0.41077650343000155,0.020028396153251478,0.013056108655534825,0.036975046067691364,0.020028396153251478,0,100
10,input_dependent_nonordinal,2,0.9041671359825466,0.028786585580820243,1.9732013768969203,0.14287306477511433,1.9867685260777868,0.0,0.7886495943172195,0.01969843535159616,0.017998366983968544,0.07268516181671551,0.01969843535159616,0,100
10,input_dependent_nonordinal,3,0.9036383184235062,0.032421377445749244,2.201226402300435,0.1311260595498113,2.2042417718412,0.0,0.47703999604388325,0.0197650949492599,0.009556590650122947,0.04163352731807875,0.0197650949492599,0,100
10,input_dependent_nonordinal,4,0.9031986394661075,0.03674077159249871,1.444670196000503,0.06424441350900728,1.4450731911638885,0.0,0.6550781102188702,0.02050989237645606,0.01725501355456648,0.06504597429797715,0.02050989237645606,0,100
10,input_dependent_ordinal,0,0.9020517202554241,0.08064587777987915,1.4083415227682026,0.10180820510946216,1.4084218440533431,0.0,0.5244230987072586,0.019679344365904038,0.24692733396747713,0.20707066748323497,0.019679344365904038,0,10
10,input_dependent_ordinal,1,0.9071215443891535,0.02854674261306617,2.322638608248002,0.2609053286752304,2.325849231065709,0.0,0.5523063028400067,0.019777850754058298,-0.12766208678825922,0.039156219447583115,0.019777850754058298,0,100
10,input_dependent_ordinal,2,0.9032374316338048,0.02806625908336655,1.9689160875235097,0.14211404394789334,1.9799597099734714,0.0,0.5781090566436577,0.01972067938376142,0.22648785155990503,0.06690817538073779,0.01972067938376142,0,100
10,input_dependent_ordinal,3,0.9027504831567233,0.033392925941496295,2.1934078290885495,0.1270555236587033,2.196012932959368,0.0,0.6042488680996501,0.019984384289321564,-0.11827750139753246,0.04145196801558089,0.019984384289321564,0,100
10,input_dependent_ordinal,4,0.9025584517635222,0.03589481547817576,1.4417224734417546,0.06450613265122564,1.4420574243786088,0.0,0.6291226321101797,0.01993198442733078,0.04046487979509618,0.06446224347912607,0.01993198442733078,0,100
10,ordinal_cluster,0,0.7381584380627295,0.05321322488374961,1.3903010455290816,0.10113990223158044,1.3903010455290816,0.0,0.0,0.0,0.47020084015380026,0.05165281711629163,0.0,0,10
10,ordinal_cluster,1,0.9748789395049396,0.00971936897444371,1.8071465949167747,0.13492965621815292,1.8071465949167747,0.0,0.0,0.0,0.6622002381458263,0.05314872361282076,0.0,0,100
10,ordinal_cluster,2,0.7958288345691164,0.03137295130727702,2.072189593001835,0.10174207121794428,2.072189593001835,0.0,0.0,0.0,0.6075479681742703,0.04290345587009513,0.0,0,100
10,ordinal_cluster,3,0.9630317138900137,0.010518896394527811,2.014199698410516,0.1131972856662578,2.014199698410516,0.0,0.0,0.0,0.6764043771578386,0.04039523372665321,0.0,0,100
10,ordinal_cluster,4,0.8630072814502711,0.03041950021921677,1.514452337367835,0.0713379826824534,1.514452337367835,0.0,0.0,0.0,0.6008145190426473,0.045150819853665744,0.0,0,100
20,independent_mondrian,0,0.8953446685750769,0.05750044114610928,1.4038664101150755,0.08743614343381374,1.4041722953099904,0.0,0.0,0.0,0.7362453784740528,0.1536762007856045,0.0,0,20
20,independent_mondrian,1,0.902569239895281,0.024403849221148754,2.3961416894448484,0.18562372084938417,2.39867070943324,0.0,0.0,0.0,0.4428245247420814,0.03762032907234687,0.0,0,100
20,independent_mondrian,2,0.8987935616614016,0.031433375319412954,1.965114760956926,0.10923561928550377,1.9728458789147487,0.0,0.0,0.0,0.8080040822651098,0.07687590192694775,0.0,0,100
20,independent_mondrian,3,0.898676162783609,0.027789418566056413,2.3012623938826473,0.14192372633344488,2.3022097568574815,0.0,0.0,0.0,0.5036091073158516,0.04753295551294445,0.0,0,100
20,independent_mondrian,4,0.9011139561962473,0.02848517673647293,1.4632122822781843,0.08913280169009198,1.463328403460178,0.0,0.0,0.0,0.6840376024147788,0.06688620362728073,0.0,0,100
20,input_dependent_nonordinal,0,0.9088988583389421,0.05450675159417057,1.3991170556662014,0.07825049560306765,1.3994178075459007,0.0,0.6857786364802907,0.022324475883225198,0.06154295801775125,0.13929060407997945,0.022324475883225198,0,20
20,input_dependent_nonordinal,1,0.8992440515858099,0.03249552001912476,2.283277628557376,0.19412180362905865,2.2847628151570203,0.0,0.4115273801473586,0.020203144711506457,0.0032487867685443055,0.03454832318618898,0.020203144711506457,0,100
20,input_dependent_nonordinal,2,0.8984847622632773,0.027217569311139386,1.9193435757644717,0.08441515214807128,1.923204245925424,0.0,0.784948460712928,0.02058121713292897,0.01082247974799824,0.06452482804634142,0.02058121713292897,0,100
20,input_dependent_nonordinal,3,0.8989239510441531,0.0272746534126872,2.1602782785163166,0.13392700308070096,2.161270064886304,0.0,0.4748372919147414,0.019854803375069244,0.0029094255145776255,0.033949112322857015,0.019854803375069244,0,100
20,input_dependent_nonordinal,4,0.897740189652709,0.028060744805415153,1.4307076364164268,0.06576160263345679,1.4308737554428015,0.0,0.656575329814703,0.020879454486798378,0.007138209843250583,0.056902752530644835,0.020879454486798378,0,100
20,input_dependent_ordinal,0,0.9092618869363313,0.05681320118211456,1.3978221807789593,0.07794212179984537,1.3981229326586584,0.0,0.5270959493269387,0.01993683348715002,0.21807375368945028,0.12901967450633314,0.01993683348715002,0,20
20,input_dependent_ordinal,1,0.9003303680323143,0.030061399475712555,2.284247925726473,0.1932616172654131,2.285441491753472,0.0,0.552054610657283,0.020200304605081647,-0.136939348672779,0.03172521445350189,0.020200304605081647,0,100
20,input_dependent_ordinal,2,0.8973858955745606,0.02794983768167918,1.917708873430008,0.08349920129347652,1.9206508829252908,0.0,0.5780321105800739,0.020258091709894267,0.21466113253140617,0.06344475335795843,0.020258091709894267,0,100
20,input_dependent_ordinal,3,0.8997789378033771,0.0275753686306317,2.1590585619874285,0.1337215643522743,2.159866880823316,0.0,0.6028872360992582,0.02008542272794097,-0.12425054109330311,0.03583062596452159,0.02008542272794097,0,100
20,input_dependent_ordinal,4,0.8988373680394719,0.02781911536140733,1.4300854948502681,0.06567439405937947,1.4302845005118026,0.0,0.6290498266302074,0.020116558816823032,0.03520131920827801,0.056656661680596854,0.020116558816823032,0,100
20,ordinal_cluster,0,0.762884897969129,0.04722255704225277,1.3873613634929256,0.09087218186276083,1.3873613634929256,0.0,0.0,0.0,0.501967435738666,0.04832303873710602,0.0,0,20
20,ordinal_cluster,1,0.9735597128867933,0.009857952081185027,1.8248642638481518,0.13066158676994813,1.8248642638481518,0.0,0.0,0.0,0.6542723889243854,0.04817672512730769,0.0,0,100
20,ordinal_cluster,2,0.7853129044328979,0.03504796669426689,2.0548419669419626,0.11703389195200432,2.0548419669419626,0.0,0.0,0.0,0.5952363257058432,0.04527201397383393,0.0,0,100
20,ordinal_cluster,3,0.9608989832451548,0.011971552637775211,1.987204161184882,0.12804946909015563,1.987204161184882,0.0,0.0,0.0,0.6676490664169585,0.04545213012354306,0.0,0,100
20,ordinal_cluster,4,0.85672938171492,0.03306793040864128,1.498059238612802,0.08260294009609237,1.498059238612802,0.0,0.0,0.0,0.5951533332989204,0.04997942297187523,0.0,0,100
50,independent_mondrian,0,0.89913952938206,0.040703047017802266,1.424380662695176,0.10849424337812284,1.424380662695176,0.0,0.0,0.0,0.7130279801158796,0.0867693566380982,0.0,0,50
50,independent_mondrian,1,0.8978457997972413,0.035542826409983685,2.410006503808943,0.16516093617999764,2.410006503808943,0.0,0.0,0.0,0.44090391066599655,0.054121451143484316,0.0,0,100
50,independent_mondrian,2,0.9076884358420536,0.027769478327775075,1.9650746004224284,0.0928312466934951,1.9651382440182916,0.0,0.0,0.0,0.8320956917429737,0.08200893789163369,0.0,0,100
50,independent_mondrian,3,0.902430658340851,0.02711385775239332,2.33872328553894,0.11369731890453186,2.339067816116029,0.0,0.0,0.0,0.5073139099329134,0.05175617878487177,0.0,0,100
50,independent_mondrian,4,0.9057971606329969,0.030815516358591817,1.4818335009247,0.07702100600123232,1.4822621901250297,0.0,0.0,0.0,0.6946718915683283,0.07506481231888866,0.0,0,100
50,input_dependent_nonordinal,0,0.9032635120245208,0.04096914328547683,1.4095599462301802,0.08446449350408716,1.4095599462301802,0.0,0.6801492277910609,0.02048834228646449,0.025594641343101306,0.0840178222978693,0.02048834228646449,0,50
50,input_dependent_nonordinal,1,0.8997481819213522,0.028291667213719698,2.2825404688644686,0.1650783006405137,2.2825404688644686,0.0,0.4099455292813557,0.02012068607288916,0.003044172239558393,0.033643407393100906,0.02012068607288916,0,100
50,input_dependent_nonordinal,2,0.910341052877285,0.02730974322883116,1.9242734129646943,0.0704479401130277,1.9242734129646943,0.0,0.7902833405404969,0.020860315915088738,0.033864153259394236,0.07204972153427099,0.020860315915088738,0,100
50,input_dependent_nonordinal,3,0.9026120844611003,0.028170934420025183,2.223988433145444,0.1029359281822269,2.223988433145444,0.0,0.47845613315039875,0.020698055650939233,0.006390884316085803,0.039539868182198845,0.020698055650939233,0,100
50,input_dependent_nonordinal,4,0.908617061921277,0.028681086010220038,1.4593455635367476,0.05276117870144455,1.4593455635367476,0.0,0.6585249381065899,0.020023582515322002,0.02374225768224519,0.06448379631538068,0.020023582515322002,0,100
50,input_dependent_ordinal,0,0.9049346888236148,0.040407013607932224,1.4083906397292736,0.08291993428428347,1.4083906397292736,0.0,0.5238510110812984,0.020270169208941778,0.18143781787306962,0.08464008350486053,0.020270169208941778,0,50
50,input_dependent_ordinal,1,0.9003669182158308,0.026369912449160347,2.2790045855914234,0.16636743773323132,2.2790045855914234,0.0,0.5525166953715095,0.020190976295352207,-0.13888078119960628,0.0332535644278632,0.020190976295352207,0,100
50,input_dependent_ordinal,2,0.9098053211157461,0.026950479069670033,1.924084379219929,0.06901688739002874,1.924084379219929,0.0,0.5789897984169526,0.02015368134901458,0.24311673732949396,0.07018472049976383,0.02015368134901458,0,100
50,input_dependent_ordinal,3,0.9018584064591549,0.029174016487220712,2.2213398403552675,0.10325856912126292,2.2213398403552675,0.0,0.6065931104571405,0.020259596407035032,-0.12291597817905527,0.04013098059641863,0.020259596407035032,0,100
50,input_dependent_ordinal,4,0.9085184810150018,0.02957001556441102,1.4566176464489873,0.05319216741532521,1.4566176464489873,0.0,0.6323044875108494,0.02031475326131431,0.05033486054368905,0.06386148863292802,0.02031475326131431,0,100
50,ordinal_cluster,0,0.8070622543945981,0.0464479295638512,1.4679702884844557,0.09986678916668557,1.4679702884844557,0.0,0.0,0.0,0.5481816623634379,0.053496160734469875,0.0,0,50
50,ordinal_cluster,1,0.9775874820602243,0.006975009338212633,1.9438130518754442,0.13845643758269446,1.9438130518754442,0.0,0.0,0.0,0.6749809395252264,0.04130501083881101,0.0,0,100
50,ordinal_cluster,2,0.7983664505882359,0.02660813743237929,2.1168877197633487,0.08923437227889652,2.1168877197633487,0.0,0.0,0.0,0.6141042774750749,0.03406939420253298,0.0,0,100
50,ordinal_cluster,3,0.9661167861974407,0.007911737603545762,2.038092478409836,0.09492695260883457,2.038092478409836,0.0,0.0,0.0,0.6833269908194217,0.03580031151316514,0.0,0,100
50,ordinal_cluster,4,0.8643967791012801,0.028655025944653842,1.5279947230605675,0.06181628448475481,1.5279947230605675,0.0,0.0,0.0,0.6054857753038007,0.04523561803469778,0.0,0,100
100,independent_mondrian,0,0.900977659310234,0.0403596064087669,1.4131854295816189,0.09221785217284928,1.4138750847540327,0.0,0.0,0.0,0.7142371675752026,0.07702205575797579,0.0,0,100
100,independent_mondrian,1,0.8969444744688418,0.03108986401909069,2.393045976355928,0.12909226037958954,2.3932725135727564,0.0,0.0,0.0,0.44007416105884134,0.052508757815662895,0.0,0,100
100,independent_mondrian,2,0.9020803105116372,0.03239158817555604,1.9630337890876552,0.07024022838416656,1.9631557403071676,0.0,0.0,0.0,0.8139425395076922,0.08822123674378995,0.0,0,100
100,independent_mondrian,3,0.9055804471362643,0.023481441655985175,2.3078280618305245,0.10331612928480288,2.3078280618305245,0.0,0.0,0.0,0.5154333363477798,0.04684363433284672,0.0,0,100
100,independent_mondrian,4,0.902421477912012,0.02417908472131935,1.4800340943648929,0.07737139086699807,1.4800340943648929,0.0,0.0,0.0,0.6830515127770661,0.054578888538686095,0.0,0,100
100,input_dependent_nonordinal,0,0.8983223508513731,0.04061001336644869,1.4050022256253363,0.06455559868089308,1.4051560717791824,0.0,0.686427228777176,0.022078051071778237,0.012021272494423856,0.07409865036154714,0.022078051071778237,0,100
100,input_dependent_nonordinal,1,0.8936110936675102,0.0328701701784901,2.2611371787097037,0.11758771634710023,2.261272886937015,0.0,0.41470411618408964,0.021179925046446665,-0.003977831611327146,0.034712235398180864,0.021179925046446665,0,100
100,input_dependent_nonordinal,2,0.9108209784143178,0.029225660375778187,1.9104308536180297,0.062498710918007586,1.9104638025471894,0.0,0.7849434018532722,0.020901792219183812,0.039054072097150956,0.0714837915014294,0.020901792219183812,0,100
100,input_dependent_nonordinal,3,0.9017071748409782,0.024633549668044496,2.2016065688534208,0.11336136422609809,2.2016065688534208,0.0,0.4738603966717955,0.019671312197996175,0.008198343743990325,0.03483793829171952,0.019671312197996175,0,100
100,input_dependent_nonordinal,4,0.9032789320184391,0.029400085139375885,1.4545308925285603,0.06401461615196426,1.4545308925285603,0.0,0.6618358283096264,0.020610948953642468,0.008416165499961374,0.049767106953483964,0.020610948953642468,0,100
100,input_dependent_ordinal,0,0.8998181755173592,0.04045032901921261,1.4035508408390258,0.06519525464330249,1.4039354562236412,0.0,0.5245568073892938,0.02129879604994078,0.16995500275490388,0.05900479853102609,0.02129879604994078,0,100
100,input_dependent_ordinal,1,0.8916064092870315,0.03327619985736228,2.2497263282343694,0.11664575989887019,2.2499638176321644,0.0,0.5532293548304442,0.020897629810978882,-0.1444425718257529,0.03502244039609453,0.02089762981097888,0,100
100,input_dependent_ordinal,2,0.9102604038520502,0.02866068251871069,1.9054142180438476,0.06189303866154114,1.9054965903667471,0.0,0.5781275675471792,0.0203803989543743,0.24374527778654484,0.07246675696239331,0.0203803989543743,0,100
100,input_dependent_ordinal,3,0.9002632655397643,0.024360054798377998,2.1957126726088694,0.11149512302237888,2.1957126726088694,0.0,0.6057415152399793,0.020182667475942925,-0.12497203870420509,0.03162515854875142,0.020182667475942925,0,100
100,input_dependent_ordinal,4,0.9024671449448103,0.02875907735650139,1.4509150517874776,0.06257768843939797,1.4509150517874776,0.0,0.6317087356631574,0.020072441109607295,0.03628626544476174,0.04857098499248503,0.0200724411096073,0,100
100,ordinal_cluster,0,0.8378755441375654,0.04207156700863669,1.4949639663297651,0.0755999683285319,1.4949639663297651,0.0,0.0,0.0,0.5871435873611627,0.042904519356532056,0.0,0,100
100,ordinal_cluster,1,0.9776791751527762,0.007543510754618508,1.9984507674586656,0.10286589135442831,1.9984507674586656,0.0,0.0,0.0,0.6749491210518854,0.03810352847197584,0.0,0,100
100,ordinal_cluster,2,0.7968821379350486,0.03340117995787763,2.109896954141924,0.08637798102560451,2.109896954141924,0.0,0.0,0.0,0.6082874784066289,0.04146204745510054,0.0,0,100
100,ordinal_cluster,3,0.962254918809957,0.008346846558550974,2.0150434259516707,0.10486966758580869,2.0150434259516707,0.0,0.0,0.0,0.6724932982511604,0.03614429572255969,0.0,0,100
100,ordinal_cluster,4,0.86122928723504,0.023530717020204893,1.5151856633350884,0.06178376828806732,1.5151856633350884,0.0,0.0,0.0,0.5984889837359266,0.03764653846053996,0.0,0,100
