scenario,n_cal,method,class_id,repetitions,mean_coverage,finite_threshold_rate,infinite_threshold_rate,mean_selected_radius,mean_certified_epsilon,mean_own_calibration_count,mean_pooled_calibration_count,mean_marginal_coverage,mean_worst_class_coverage
local_discontinuity,200,adaptive_approximate,0,100,0.907163556571162,1,0,0,0.0,59.53,59.53,,
local_discontinuity,200,adaptive_approximate,1,100,0.9068853592993895,1,0,0,0.0,49.95,49.95,,
local_discontinuity,200,adaptive_approximate,2,100,0.9086560433444154,1,0,0,0.0,43.97,43.97,,
local_discontinuity,200,adaptive_approximate,3,100,0.9202955334369878,1,0,0,0.0,40.71,40.71,,
local_discontinuity,200,adaptive_approximate,4,100,0.9168109163721159,0.95,0.05,0.94,0.07893441375792869,5.84,44.01,,
local_discontinuity,200,adaptive_certified_v0_3,0,100,0.907163556571162,1,0,0,0.0,59.53,59.53,,
local_discontinuity,200,adaptive_certified_v0_3,1,100,0.9068853592993895,1,0,0,0.0,49.95,49.95,,
local_discontinuity,200,adaptive_certified_v0_3,2,100,0.9086560433444154,1,0,0,0.0,43.97,43.97,,
local_discontinuity,200,adaptive_certified_v0_3,3,100,0.9202955334369878,1,0,0,0.0,40.71,40.71,,
local_discontinuity,200,adaptive_certified_v0_3,4,100,0.9936415466748021,0.25,0.75,0.94,0.07893441375792869,5.84,44.01,,
local_discontinuity,200,fixed_ordinal_pooling_h1,0,100,0.906246726064867,1,0,0,0.0,59.53,109.48,,
local_discontinuity,200,fixed_ordinal_pooling_h1,1,100,0.9012785917107627,1,0,0,0.0,49.95,153.45,,
local_discontinuity,200,fixed_ordinal_pooling_h1,2,100,0.9803068784689771,1,0,0,0.0,43.97,134.63,,
local_discontinuity,200,fixed_ordinal_pooling_h1,3,100,0.8260041432869462,1,0,0,0.0,40.71,90.52,,
local_discontinuity,200,fixed_ordinal_pooling_h1,4,100,0.9137097646911239,1,0,0.94,0.07893441375792869,5.84,46.55,,
local_discontinuity,200,independent_mondrian,0,100,0.907163556571162,1,0,0,0.0,59.53,59.53,,
local_discontinuity,200,independent_mondrian,1,100,0.9068853592993895,1,0,0,0.0,49.95,49.95,,
local_discontinuity,200,independent_mondrian,2,100,0.9086560433444154,1,0,0,0.0,43.97,43.97,,
local_discontinuity,200,independent_mondrian,3,100,0.9202955334369878,1,0,0,0.0,40.71,40.71,,
local_discontinuity,200,independent_mondrian,4,100,0.9845898271953288,0.14,0.86,0.94,0.07893441375792869,5.84,5.84,,
local_discontinuity,400,adaptive_approximate,0,100,0.9010363664351132,1,0,0,0.0,119.73,119.73,,
local_discontinuity,400,adaptive_approximate,1,100,0.9077946165332275,1,0,0,0.0,99.43,99.43,,
local_discontinuity,400,adaptive_approximate,2,100,0.9069292786735896,1,0,0,0.0,88.37,88.37,,
local_discontinuity,400,adaptive_approximate,3,100,0.909946153359416,1,0,0,0.0,80.08,80.08,,
local_discontinuity,400,adaptive_approximate,4,100,0.9348465490133298,0.83,0.17,0,0.0,12.39,12.39,,
local_discontinuity,400,adaptive_certified_v0_3,0,100,0.9010363664351132,1,0,0,0.0,119.73,119.73,,
local_discontinuity,400,adaptive_certified_v0_3,1,100,0.9077946165332275,1,0,0,0.0,99.43,99.43,,
local_discontinuity,400,adaptive_certified_v0_3,2,100,0.9069292786735896,1,0,0,0.0,88.37,88.37,,
local_discontinuity,400,adaptive_certified_v0_3,3,100,0.909946153359416,1,0,0,0.0,80.08,80.08,,
local_discontinuity,400,adaptive_certified_v0_3,4,100,0.9348465490133298,0.83,0.17,0,0.0,12.39,12.39,,
local_discontinuity,400,fixed_ordinal_pooling_h1,0,100,0.9044801452165548,1,0,0,0.0,119.73,219.16,,
local_discontinuity,400,fixed_ordinal_pooling_h1,1,100,0.9010684375223378,1,0,0,0.0,99.43,307.53,,
local_discontinuity,400,fixed_ordinal_pooling_h1,2,100,0.9793470301271299,1,0,0,0.0,88.37,267.88,,
local_discontinuity,400,fixed_ordinal_pooling_h1,3,100,0.8227123382551285,1,0,0,0.0,80.08,180.84,,
local_discontinuity,400,fixed_ordinal_pooling_h1,4,100,0.9045705195859448,1,0,0,0.0,12.39,92.47,,
local_discontinuity,400,independent_mondrian,0,100,0.9010363664351132,1,0,0,0.0,119.73,119.73,,
local_discontinuity,400,independent_mondrian,1,100,0.9077946165332275,1,0,0,0.0,99.43,99.43,,
local_discontinuity,400,independent_mondrian,2,100,0.9069292786735896,1,0,0,0.0,88.37,88.37,,
local_discontinuity,400,independent_mondrian,3,100,0.909946153359416,1,0,0,0.0,80.08,80.08,,
local_discontinuity,400,independent_mondrian,4,100,0.9348465490133298,0.83,0.17,0,0.0,12.39,12.39,,
local_discontinuity,800,adaptive_approximate,0,100,0.9013398497953535,1,0,0,0.0,241.38,241.38,,
local_discontinuity,800,adaptive_approximate,1,100,0.9036973760752879,1,0,0,0.0,198.58,198.58,,
local_discontinuity,800,adaptive_approximate,2,100,0.9047117460069294,1,0,0,0.0,175.53,175.53,,
local_discontinuity,800,adaptive_approximate,3,100,0.9031617799415164,1,0,0,0.0,160.25,160.25,,
local_discontinuity,800,adaptive_approximate,4,100,0.9111270645844097,1,0,0,0.0,24.26,24.26,,
local_discontinuity,800,adaptive_certified_v0_3,0,100,0.9013398497953535,1,0,0,0.0,241.38,241.38,,
local_discontinuity,800,adaptive_certified_v0_3,1,100,0.9036973760752879,1,0,0,0.0,198.58,198.58,,
local_discontinuity,800,adaptive_certified_v0_3,2,100,0.9047117460069294,1,0,0,0.0,175.53,175.53,,
local_discontinuity,800,adaptive_certified_v0_3,3,100,0.9031617799415164,1,0,0,0.0,160.25,160.25,,
local_discontinuity,800,adaptive_certified_v0_3,4,100,0.9111270645844097,1,0,0,0.0,24.26,24.26,,
local_discontinuity,800,fixed_ordinal_pooling_h1,0,100,0.9034709872415505,1,0,0,0.0,241.38,439.96,,
local_discontinuity,800,fixed_ordinal_pooling_h1,1,100,0.901059760620717,1,0,0,0.0,198.58,615.49,,
local_discontinuity,800,fixed_ordinal_pooling_h1,2,100,0.9785407594227044,1,0,0,0.0,175.53,534.36,,
local_discontinuity,800,fixed_ordinal_pooling_h1,3,100,0.8163370989847736,1,0,0,0.0,160.25,360.04,,
local_discontinuity,800,fixed_ordinal_pooling_h1,4,100,0.8994382333780003,1,0,0,0.0,24.26,184.51,,
local_discontinuity,800,independent_mondrian,0,100,0.9013398497953535,1,0,0,0.0,241.38,241.38,,
local_discontinuity,800,independent_mondrian,1,100,0.9036973760752879,1,0,0,0.0,198.58,198.58,,
local_discontinuity,800,independent_mondrian,2,100,0.9047117460069294,1,0,0,0.0,175.53,175.53,,
local_discontinuity,800,independent_mondrian,3,100,0.9031617799415164,1,0,0,0.0,160.25,160.25,,
local_discontinuity,800,independent_mondrian,4,100,0.9111270645844097,1,0,0,0.0,24.26,24.26,,
local_discontinuity,1600,adaptive_approximate,0,100,0.9008125976831655,1,0,0,0.0,478.23,478.23,,
local_discontinuity,1600,adaptive_approximate,1,100,0.9001487882492951,1,0,0,0.0,402.28,402.28,,
local_discontinuity,1600,adaptive_approximate,2,100,0.9008214876985047,1,0,0,0.0,350.76,350.76,,
local_discontinuity,1600,adaptive_approximate,3,100,0.9019715812261196,1,0,0,0.0,320.39,320.39,,
local_discontinuity,1600,adaptive_approximate,4,100,0.9091391857545769,1,0,0,0.0,48.34,48.34,,
local_discontinuity,1600,adaptive_certified_v0_3,0,100,0.9008125976831655,1,0,0,0.0,478.23,478.23,,
local_discontinuity,1600,adaptive_certified_v0_3,1,100,0.9001487882492951,1,0,0,0.0,402.28,402.28,,
local_discontinuity,1600,adaptive_certified_v0_3,2,100,0.9008214876985047,1,0,0,0.0,350.76,350.76,,
local_discontinuity,1600,adaptive_certified_v0_3,3,100,0.9019715812261196,1,0,0,0.0,320.39,320.39,,
local_discontinuity,1600,adaptive_certified_v0_3,4,100,0.9091391857545769,1,0,0,0.0,48.34,48.34,,
local_discontinuity,1600,fixed_ordinal_pooling_h1,0,100,0.9022264487418356,1,0,0,0.0,478.23,880.51,,
local_discontinuity,1600,fixed_ordinal_pooling_h1,1,100,0.9000080169416829,1,0,0,0.0,402.28,1231.27,,
local_discontinuity,1600,fixed_ordinal_pooling_h1,2,100,0.9782347438095418,1,0,0,0.0,350.76,1073.43,,
local_discontinuity,1600,fixed_ordinal_pooling_h1,3,100,0.8145148701378533,1,0,0,0.0,320.39,719.49,,
local_discontinuity,1600,fixed_ordinal_pooling_h1,4,100,0.8973054310026497,1,0,0,0.0,48.34,368.73,,
local_discontinuity,1600,independent_mondrian,0,100,0.9008125976831655,1,0,0,0.0,478.23,478.23,,
local_discontinuity,1600,independent_mondrian,1,100,0.9001487882492951,1,0,0,0.0,402.28,402.28,,
local_discontinuity,1600,independent_mondrian,2,100,0.9008214876985047,1,0,0,0.0,350.76,350.76,,
local_discontinuity,1600,independent_mondrian,3,100,0.9019715812261196,1,0,0,0.0,320.39,320.39,,
local_discontinuity,1600,independent_mondrian,4,100,0.9091391857545769,1,0,0,0.0,48.34,48.34,,
moderate_smoothness,200,adaptive_approximate,0,100,0.9127940667393756,1,0,0,0.0,58.98,58.98,,
moderate_smoothness,200,adaptive_approximate,1,100,0.9037743204102084,1,0,0,0.0,50.62,50.62,,
moderate_smoothness,200,adaptive_approximate,2,100,0.9095564603997455,1,0,0,0.0,44.65,44.65,,
moderate_smoothness,200,adaptive_approximate,3,100,0.9170396681796469,1,0,0,0.0,39.93,39.93,,
moderate_smoothness,200,adaptive_approximate,4,100,0.9839848911450918,0.18000000000000005,0.82,0,0.0,5.82,5.82,,
moderate_smoothness,200,adaptive_certified_v0_3,0,100,0.9127940667393756,1,0,0,0.0,58.98,58.98,,
moderate_smoothness,200,adaptive_certified_v0_3,1,100,0.9037743204102084,1,0,0,0.0,50.62,50.62,,
moderate_smoothness,200,adaptive_certified_v0_3,2,100,0.9095564603997455,1,0,0,0.0,44.65,44.65,,
moderate_smoothness,200,adaptive_certified_v0_3,3,100,0.9170396681796469,1,0,0,0.0,39.93,39.93,,
moderate_smoothness,200,adaptive_certified_v0_3,4,100,0.9839848911450918,0.18000000000000005,0.82,0,0.0,5.82,5.82,,
moderate_smoothness,200,fixed_ordinal_pooling_h1,0,100,0.9157122283912325,1,0,0,0.0,58.98,109.6,,
moderate_smoothness,200,fixed_ordinal_pooling_h1,1,100,0.9023862563346031,1,0,0,0.0,50.62,154.25,,
moderate_smoothness,200,fixed_ordinal_pooling_h1,2,100,0.9039877428042705,1,0,0,0.0,44.65,135.2,,
moderate_smoothness,200,fixed_ordinal_pooling_h1,3,100,0.8951150920605678,1,0,0,0.0,39.93,90.4,,
moderate_smoothness,200,fixed_ordinal_pooling_h1,4,100,0.8840919371276765,1,0,0,0.0,5.82,45.75,,
moderate_smoothness,200,independent_mondrian,0,100,0.9127940667393756,1,0,0,0.0,58.98,58.98,,
moderate_smoothness,200,independent_mondrian,1,100,0.9037743204102084,1,0,0,0.0,50.62,50.62,,
moderate_smoothness,200,independent_mondrian,2,100,0.9095564603997455,1,0,0,0.0,44.65,44.65,,
moderate_smoothness,200,independent_mondrian,3,100,0.9170396681796469,1,0,0,0.0,39.93,39.93,,
moderate_smoothness,200,independent_mondrian,4,100,0.9839848911450918,0.18000000000000005,0.82,0,0.0,5.82,5.82,,
moderate_smoothness,400,adaptive_approximate,0,100,0.8996925892398786,1,0,0,0.0,120.15,120.15,,
moderate_smoothness,400,adaptive_approximate,1,100,0.9026262594119647,1,0,0,0.0,100.37,100.37,,
moderate_smoothness,400,adaptive_approximate,2,100,0.8998699617671897,1,0,0,0.0,86.75,86.75,,
moderate_smoothness,400,adaptive_approximate,3,100,0.9020545344343381,1,0,0,0.0,80.73,80.73,,
moderate_smoothness,400,adaptive_approximate,4,100,0.9296726487496902,0.8200000000000001,0.18,0,0.0,12,12,,
moderate_smoothness,400,adaptive_certified_v0_3,0,100,0.8996925892398786,1,0,0,0.0,120.15,120.15,,
moderate_smoothness,400,adaptive_certified_v0_3,1,100,0.9026262594119647,1,0,0,0.0,100.37,100.37,,
moderate_smoothness,400,adaptive_certified_v0_3,2,100,0.8998699617671897,1,0,0,0.0,86.75,86.75,,
moderate_smoothness,400,adaptive_certified_v0_3,3,100,0.9020545344343381,1,0,0,0.0,80.73,80.73,,
moderate_smoothness,400,adaptive_certified_v0_3,4,100,0.9296726487496902,0.8200000000000001,0.18,0,0.0,12,12,,
moderate_smoothness,400,fixed_ordinal_pooling_h1,0,100,0.9132601135645142,1,0,0,0.0,120.15,220.52,,
moderate_smoothness,400,fixed_ordinal_pooling_h1,1,100,0.8978169612730774,1,0,0,0.0,100.37,307.27,,
moderate_smoothness,400,fixed_ordinal_pooling_h1,2,100,0.9002186358036637,1,0,0,0.0,86.75,267.85,,
moderate_smoothness,400,fixed_ordinal_pooling_h1,3,100,0.8866635103049668,1,0,0,0.0,80.73,179.48,,
moderate_smoothness,400,fixed_ordinal_pooling_h1,4,100,0.8748484902473016,1,0,0,0.0,12,92.73,,
moderate_smoothness,400,independent_mondrian,0,100,0.8996925892398786,1,0,0,0.0,120.15,120.15,,
moderate_smoothness,400,independent_mondrian,1,100,0.9026262594119647,1,0,0,0.0,100.37,100.37,,
moderate_smoothness,400,independent_mondrian,2,100,0.8998699617671897,1,0,0,0.0,86.75,86.75,,
moderate_smoothness,400,independent_mondrian,3,100,0.9020545344343381,1,0,0,0.0,80.73,80.73,,
moderate_smoothness,400,independent_mondrian,4,100,0.9296726487496902,0.8200000000000001,0.18,0,0.0,12,12,,
moderate_smoothness,800,adaptive_approximate,0,100,0.9006244843698193,1,0,0,0.0,241.97,241.97,,
moderate_smoothness,800,adaptive_approximate,1,100,0.904999971991229,1,0,0,0.0,199.95,199.95,,
moderate_smoothness,800,adaptive_approximate,2,100,0.9015990240153652,1,0,0,0.0,174.7,174.7,,
moderate_smoothness,800,adaptive_approximate,3,100,0.9026224572348015,1,0,0,0.0,158.62,158.62,,
moderate_smoothness,800,adaptive_approximate,4,100,0.9203058517568877,1,0,0,0.0,24.76,24.76,,
moderate_smoothness,800,adaptive_certified_v0_3,0,100,0.9006244843698193,1,0,0,0.0,241.97,241.97,,
moderate_smoothness,800,adaptive_certified_v0_3,1,100,0.904999971991229,1,0,0,0.0,199.95,199.95,,
moderate_smoothness,800,adaptive_certified_v0_3,2,100,0.9015990240153652,1,0,0,0.0,174.7,174.7,,
moderate_smoothness,800,adaptive_certified_v0_3,3,100,0.9026224572348015,1,0,0,0.0,158.62,158.62,,
moderate_smoothness,800,adaptive_certified_v0_3,4,100,0.9203058517568877,1,0,0,0.0,24.76,24.76,,
moderate_smoothness,800,fixed_ordinal_pooling_h1,0,100,0.9165701532582397,1,0,0,0.0,241.97,441.92,,
moderate_smoothness,800,fixed_ordinal_pooling_h1,1,100,0.9004813001764034,1,0,0,0.0,199.95,616.62,,
moderate_smoothness,800,fixed_ordinal_pooling_h1,2,100,0.9005756522823942,1,0,0,0.0,174.7,533.27,,
moderate_smoothness,800,fixed_ordinal_pooling_h1,3,100,0.8880254179985143,1,0,0,0.0,158.62,358.08,,
moderate_smoothness,800,fixed_ordinal_pooling_h1,4,100,0.8747861824610632,1,0,0,0.0,24.76,183.38,,
moderate_smoothness,800,independent_mondrian,0,100,0.9006244843698193,1,0,0,0.0,241.97,241.97,,
moderate_smoothness,800,independent_mondrian,1,100,0.904999971991229,1,0,0,0.0,199.95,199.95,,
moderate_smoothness,800,independent_mondrian,2,100,0.9015990240153652,1,0,0,0.0,174.7,174.7,,
moderate_smoothness,800,independent_mondrian,3,100,0.9026224572348015,1,0,0,0.0,158.62,158.62,,
moderate_smoothness,800,independent_mondrian,4,100,0.9203058517568877,1,0,0,0.0,24.76,24.76,,
moderate_smoothness,1600,adaptive_approximate,0,100,0.8995623367234722,1,0,0,0.0,481.94,481.94,,
moderate_smoothness,1600,adaptive_approximate,1,100,0.8994929809505227,1,0,0,0.0,398.32,398.32,,
moderate_smoothness,1600,adaptive_approximate,2,100,0.9018617505857182,1,0,0,0.0,351.43,351.43,,
moderate_smoothness,1600,adaptive_approximate,3,100,0.9005490008292998,1,0,0,0.0,319.64,319.64,,
moderate_smoothness,1600,adaptive_approximate,4,100,0.9058735178815476,1,0,0,0.0,48.67,48.67,,
moderate_smoothness,1600,adaptive_certified_v0_3,0,100,0.8995623367234722,1,0,0,0.0,481.94,481.94,,
moderate_smoothness,1600,adaptive_certified_v0_3,1,100,0.8994929809505227,1,0,0,0.0,398.32,398.32,,
moderate_smoothness,1600,adaptive_certified_v0_3,2,100,0.9018617505857182,1,0,0,0.0,351.43,351.43,,
moderate_smoothness,1600,adaptive_certified_v0_3,3,100,0.9005490008292998,1,0,0,0.0,319.64,319.64,,
moderate_smoothness,1600,adaptive_certified_v0_3,4,100,0.9058735178815476,1,0,0,0.0,48.67,48.67,,
moderate_smoothness,1600,fixed_ordinal_pooling_h1,0,100,0.9134472090355462,1,0,0,0.0,481.94,880.26,,
moderate_smoothness,1600,fixed_ordinal_pooling_h1,1,100,0.8984715836118613,1,0,0,0.0,398.32,1231.69,,
moderate_smoothness,1600,fixed_ordinal_pooling_h1,2,100,0.8992332529357635,1,0,0,0.0,351.43,1069.39,,
moderate_smoothness,1600,fixed_ordinal_pooling_h1,3,100,0.8880529793092082,1,0,0,0.0,319.64,719.74,,
moderate_smoothness,1600,fixed_ordinal_pooling_h1,4,100,0.8718773879343166,1,0,0,0.0,48.67,368.31,,
moderate_smoothness,1600,independent_mondrian,0,100,0.8995623367234722,1,0,0,0.0,481.94,481.94,,
moderate_smoothness,1600,independent_mondrian,1,100,0.8994929809505227,1,0,0,0.0,398.32,398.32,,
moderate_smoothness,1600,independent_mondrian,2,100,0.9018617505857182,1,0,0,0.0,351.43,351.43,,
moderate_smoothness,1600,independent_mondrian,3,100,0.9005490008292998,1,0,0,0.0,319.64,319.64,,
moderate_smoothness,1600,independent_mondrian,4,100,0.9058735178815476,1,0,0,0.0,48.67,48.67,,
no_ordinal_structure,200,adaptive_approximate,0,100,0.9125879419811934,1,0,0,0.0,59.49,59.49,,
no_ordinal_structure,200,adaptive_approximate,1,100,0.9119592370510331,1,0,0,0.0,50.3,50.3,,
no_ordinal_structure,200,adaptive_approximate,2,100,0.9134227621921971,1,0,0,0.0,44.99,44.99,,
no_ordinal_structure,200,adaptive_approximate,3,100,0.9137032720683947,1,0,0,0.0,39.3,39.3,,
no_ordinal_structure,200,adaptive_approximate,4,100,0.9903567639524427,0.18000000000000005,0.82,0,0.0,5.92,5.92,,
no_ordinal_structure,200,adaptive_certified_v0_3,0,100,0.9125879419811934,1,0,0,0.0,59.49,59.49,,
no_ordinal_structure,200,adaptive_certified_v0_3,1,100,0.9119592370510331,1,0,0,0.0,50.3,50.3,,
no_ordinal_structure,200,adaptive_certified_v0_3,2,100,0.9134227621921971,1,0,0,0.0,44.99,44.99,,
no_ordinal_structure,200,adaptive_certified_v0_3,3,100,0.9137032720683947,1,0,0,0.0,39.3,39.3,,
no_ordinal_structure,200,adaptive_certified_v0_3,4,100,0.9903567639524427,0.18000000000000005,0.82,0,0.0,5.92,5.92,,
no_ordinal_structure,200,fixed_ordinal_pooling_h1,0,100,0.9999253700878132,1,0,0,0.0,59.49,109.79,,
no_ordinal_structure,200,fixed_ordinal_pooling_h1,1,100,0.708592139529562,1,0,0,0.0,50.3,154.78,,
no_ordinal_structure,200,fixed_ordinal_pooling_h1,2,100,0.9999940895255477,1,0,0,0.0,44.99,134.59,,
no_ordinal_structure,200,fixed_ordinal_pooling_h1,3,100,0.7898108294920991,1,0,0,0.0,39.3,90.21,,
no_ordinal_structure,200,fixed_ordinal_pooling_h1,4,100,1.0,1,0,0,0.0,5.92,45.22,,
no_ordinal_structure,200,independent_mondrian,0,100,0.9125879419811934,1,0,0,0.0,59.49,59.49,,
no_ordinal_structure,200,independent_mondrian,1,100,0.9119592370510331,1,0,0,0.0,50.3,50.3,,
no_ordinal_structure,200,independent_mondrian,2,100,0.9134227621921971,1,0,0,0.0,44.99,44.99,,
no_ordinal_structure,200,independent_mondrian,3,100,0.9137032720683947,1,0,0,0.0,39.3,39.3,,
no_ordinal_structure,200,independent_mondrian,4,100,0.9903567639524427,0.18000000000000005,0.82,0,0.0,5.92,5.92,,
no_ordinal_structure,400,adaptive_approximate,0,100,0.9015781836540574,1,0,0,0.0,119.24,119.24,,
no_ordinal_structure,400,adaptive_approximate,1,100,0.9064164109154679,1,0,0,0.0,101.22,101.22,,
no_ordinal_structure,400,adaptive_approximate,2,100,0.9060007303705889,1,0,0,0.0,87.41,87.41,,
no_ordinal_structure,400,adaptive_approximate,3,100,0.9037642938494568,1,0,0,0.0,80.33,80.33,,
no_ordinal_structure,400,adaptive_approximate,4,100,0.9290187666275679,0.87,0.13,0,0.0,11.8,11.8,,
no_ordinal_structure,400,adaptive_certified_v0_3,0,100,0.9015781836540574,1,0,0,0.0,119.24,119.24,,
no_ordinal_structure,400,adaptive_certified_v0_3,1,100,0.9064164109154679,1,0,0,0.0,101.22,101.22,,
no_ordinal_structure,400,adaptive_certified_v0_3,2,100,0.9060007303705889,1,0,0,0.0,87.41,87.41,,
no_ordinal_structure,400,adaptive_certified_v0_3,3,100,0.9037642938494568,1,0,0,0.0,80.33,80.33,,
no_ordinal_structure,400,adaptive_certified_v0_3,4,100,0.9290187666275679,0.87,0.13,0,0.0,11.8,11.8,,
no_ordinal_structure,400,fixed_ordinal_pooling_h1,0,100,0.9999160114302797,1,0,0,0.0,119.24,220.46,,
no_ordinal_structure,400,fixed_ordinal_pooling_h1,1,100,0.6928068797197515,1,0,0,0.0,101.22,307.87,,
no_ordinal_structure,400,fixed_ordinal_pooling_h1,2,100,0.9999959197992128,1,0,0,0.0,87.41,268.96,,
no_ordinal_structure,400,fixed_ordinal_pooling_h1,3,100,0.779222568832027,1,0,0,0.0,80.33,179.54,,
no_ordinal_structure,400,fixed_ordinal_pooling_h1,4,100,1.0,1,0,0,0.0,11.8,92.13,,
no_ordinal_structure,400,independent_mondrian,0,100,0.9015781836540574,1,0,0,0.0,119.24,119.24,,
no_ordinal_structure,400,independent_mondrian,1,100,0.9064164109154679,1,0,0,0.0,101.22,101.22,,
no_ordinal_structure,400,independent_mondrian,2,100,0.9060007303705889,1,0,0,0.0,87.41,87.41,,
no_ordinal_structure,400,independent_mondrian,3,100,0.9037642938494568,1,0,0,0.0,80.33,80.33,,
no_ordinal_structure,400,independent_mondrian,4,100,0.9290187666275679,0.87,0.13,0,0.0,11.8,11.8,,
no_ordinal_structure,800,adaptive_approximate,0,100,0.9028459908444875,1,0,0,0.0,240.87,240.87,,
no_ordinal_structure,800,adaptive_approximate,1,100,0.9027719644630353,1,0,0,0.0,198.81,198.81,,
no_ordinal_structure,800,adaptive_approximate,2,100,0.8976529125221291,1,0,0,0.0,175.89,175.89,,
no_ordinal_structure,800,adaptive_approximate,3,100,0.9009970716138442,1,0,0,0.0,160.97,160.97,,
no_ordinal_structure,800,adaptive_approximate,4,100,0.9152098268907334,1,0,0,0.0,23.46,23.46,,
no_ordinal_structure,800,adaptive_certified_v0_3,0,100,0.9028459908444875,1,0,0,0.0,240.87,240.87,,
no_ordinal_structure,800,adaptive_certified_v0_3,1,100,0.9027719644630353,1,0,0,0.0,198.81,198.81,,
no_ordinal_structure,800,adaptive_certified_v0_3,2,100,0.8976529125221291,1,0,0,0.0,175.89,175.89,,
no_ordinal_structure,800,adaptive_certified_v0_3,3,100,0.9009970716138442,1,0,0,0.0,160.97,160.97,,
no_ordinal_structure,800,adaptive_certified_v0_3,4,100,0.9152098268907334,1,0,0,0.0,23.46,23.46,,
no_ordinal_structure,800,fixed_ordinal_pooling_h1,0,100,0.9999080185529339,1,0,0,0.0,240.87,439.68,,
no_ordinal_structure,800,fixed_ordinal_pooling_h1,1,100,0.6919597890709447,1,0,0,0.0,198.81,615.57,,
no_ordinal_structure,800,fixed_ordinal_pooling_h1,2,100,0.9999990900238487,1,0,0,0.0,175.89,535.67,,
no_ordinal_structure,800,fixed_ordinal_pooling_h1,3,100,0.7756246014389395,1,0,0,0.0,160.97,360.32,,
no_ordinal_structure,800,fixed_ordinal_pooling_h1,4,100,1.0,1,0,0,0.0,23.46,184.43,,
no_ordinal_structure,800,independent_mondrian,0,100,0.9028459908444875,1,0,0,0.0,240.87,240.87,,
no_ordinal_structure,800,independent_mondrian,1,100,0.9027719644630353,1,0,0,0.0,198.81,198.81,,
no_ordinal_structure,800,independent_mondrian,2,100,0.8976529125221291,1,0,0,0.0,175.89,175.89,,
no_ordinal_structure,800,independent_mondrian,3,100,0.9009970716138442,1,0,0,0.0,160.97,160.97,,
no_ordinal_structure,800,independent_mondrian,4,100,0.9152098268907334,1,0,0,0.0,23.46,23.46,,
no_ordinal_structure,1600,adaptive_approximate,0,100,0.8993383804899618,1,0,0,0.0,482.43,482.43,,
no_ordinal_structure,1600,adaptive_approximate,1,100,0.8982430855487417,1,0,0,0.0,399.86,399.86,,
no_ordinal_structure,1600,adaptive_approximate,2,100,0.8995172970803292,1,0,0,0.0,352.23,352.23,,
no_ordinal_structure,1600,adaptive_approximate,3,100,0.8992641126332585,1,0,0,0.0,318.57,318.57,,
no_ordinal_structure,1600,adaptive_approximate,4,100,0.9019232646283488,1,0,0,0.0,46.91,46.91,,
no_ordinal_structure,1600,adaptive_certified_v0_3,0,100,0.8993383804899618,1,0,0,0.0,482.43,482.43,,
no_ordinal_structure,1600,adaptive_certified_v0_3,1,100,0.8982430855487417,1,0,0,0.0,399.86,399.86,,
no_ordinal_structure,1600,adaptive_certified_v0_3,2,100,0.8995172970803292,1,0,0,0.0,352.23,352.23,,
no_ordinal_structure,1600,adaptive_certified_v0_3,3,100,0.8992641126332585,1,0,0,0.0,318.57,318.57,,
no_ordinal_structure,1600,adaptive_certified_v0_3,4,100,0.9019232646283488,1,0,0,0.0,46.91,46.91,,
no_ordinal_structure,1600,fixed_ordinal_pooling_h1,0,100,0.9999113356276915,1,0,0,0.0,482.43,882.29,,
no_ordinal_structure,1600,fixed_ordinal_pooling_h1,1,100,0.687608068366978,1,0,0,0.0,399.86,1234.52,,
no_ordinal_structure,1600,fixed_ordinal_pooling_h1,2,100,0.9999981724403104,1,0,0,0.0,352.23,1070.66,,
no_ordinal_structure,1600,fixed_ordinal_pooling_h1,3,100,0.773967365679341,1,0,0,0.0,318.57,717.71,,
no_ordinal_structure,1600,fixed_ordinal_pooling_h1,4,100,1.0,1,0,0,0.0,46.91,365.48,,
no_ordinal_structure,1600,independent_mondrian,0,100,0.8993383804899618,1,0,0,0.0,482.43,482.43,,
no_ordinal_structure,1600,independent_mondrian,1,100,0.8982430855487417,1,0,0,0.0,399.86,399.86,,
no_ordinal_structure,1600,independent_mondrian,2,100,0.8995172970803292,1,0,0,0.0,352.23,352.23,,
no_ordinal_structure,1600,independent_mondrian,3,100,0.8992641126332585,1,0,0,0.0,318.57,318.57,,
no_ordinal_structure,1600,independent_mondrian,4,100,0.9019232646283488,1,0,0,0.0,46.91,46.91,,
strong_smoothness,200,adaptive_approximate,0,100,0.9086150872178006,1,0,0,0.0,61.2,61.2,,
strong_smoothness,200,adaptive_approximate,1,100,0.9123667370331772,1,0,0,0.0,49.8,49.8,,
strong_smoothness,200,adaptive_approximate,2,100,0.911090912781479,1,0,0,0.0,43.64,43.64,,
strong_smoothness,200,adaptive_approximate,3,100,0.9108594017351118,1,0,0,0.0,39.45,39.45,,
strong_smoothness,200,adaptive_approximate,4,100,0.9038758745535722,0.98,0.02,1.5,0.08180483893825391,5.91,67.15,,
strong_smoothness,200,adaptive_certified_v0_3,0,100,0.9086150872178006,1,0,0,0.0,61.2,61.2,,
strong_smoothness,200,adaptive_certified_v0_3,1,100,0.9123667370331772,1,0,0,0.0,49.8,49.8,,
strong_smoothness,200,adaptive_certified_v0_3,2,100,0.911090912781479,1,0,0,0.0,43.64,43.64,,
strong_smoothness,200,adaptive_certified_v0_3,3,100,0.9108594017351118,1,0,0,0.0,39.45,39.45,,
strong_smoothness,200,adaptive_certified_v0_3,4,100,0.9892636660222722,0.51,0.49,1.5,0.08180483893825391,5.91,67.15,,
strong_smoothness,200,fixed_ordinal_pooling_h1,0,100,0.9077690108865895,1,0,0,0.0,61.2,111,,
strong_smoothness,200,fixed_ordinal_pooling_h1,1,100,0.9044266843886014,1,0,0,0.0,49.8,154.64,,
strong_smoothness,200,fixed_ordinal_pooling_h1,2,100,0.9038308217030372,1,0,0,0.0,43.64,132.89,,
strong_smoothness,200,fixed_ordinal_pooling_h1,3,100,0.904274093375988,1,0,0,0.0,39.45,89,,
strong_smoothness,200,fixed_ordinal_pooling_h1,4,100,0.9086688683211821,1,0,1.5,0.08180483893825391,5.91,45.36,,
strong_smoothness,200,independent_mondrian,0,100,0.9086150872178006,1,0,0,0.0,61.2,61.2,,
strong_smoothness,200,independent_mondrian,1,100,0.9123667370331772,1,0,0,0.0,49.8,49.8,,
strong_smoothness,200,independent_mondrian,2,100,0.911090912781479,1,0,0,0.0,43.64,43.64,,
strong_smoothness,200,independent_mondrian,3,100,0.9108594017351118,1,0,0,0.0,39.45,39.45,,
strong_smoothness,200,independent_mondrian,4,100,0.9886013689467338,0.09999999999999998,0.9,1.5,0.08180483893825391,5.91,5.91,,
strong_smoothness,400,adaptive_approximate,0,100,0.9025111454607592,1,0,0,0.0,118.84,118.84,,
strong_smoothness,400,adaptive_approximate,1,100,0.9034349868088611,1,0,0,0.0,98.97,98.97,,
strong_smoothness,400,adaptive_approximate,2,100,0.9081877952343685,1,0,0,0.0,88.39,88.39,,
strong_smoothness,400,adaptive_approximate,3,100,0.9045280389331011,1,0,0,0.0,81.11,81.11,,
strong_smoothness,400,adaptive_approximate,4,100,0.9354654351663725,0.83,0.17,0.02,0.0007319464319421445,12.69,14.4,,
strong_smoothness,400,adaptive_certified_v0_3,0,100,0.9025111454607592,1,0,0,0.0,118.84,118.84,,
strong_smoothness,400,adaptive_certified_v0_3,1,100,0.9034349868088611,1,0,0,0.0,98.97,98.97,,
strong_smoothness,400,adaptive_certified_v0_3,2,100,0.9081877952343685,1,0,0,0.0,88.39,88.39,,
strong_smoothness,400,adaptive_certified_v0_3,3,100,0.9045280389331011,1,0,0,0.0,81.11,81.11,,
strong_smoothness,400,adaptive_certified_v0_3,4,100,0.9361147418961662,0.83,0.17,0.02,0.0007319464319421445,12.69,14.4,,
strong_smoothness,400,fixed_ordinal_pooling_h1,0,100,0.9016219532208711,1,0,0,0.0,118.84,217.81,,
strong_smoothness,400,fixed_ordinal_pooling_h1,1,100,0.9008236637507827,1,0,0,0.0,98.97,306.2,,
strong_smoothness,400,fixed_ordinal_pooling_h1,2,100,0.9014713906902281,1,0,0,0.0,88.39,268.47,,
strong_smoothness,400,fixed_ordinal_pooling_h1,3,100,0.901103271101378,1,0,0,0.0,81.11,182.19,,
strong_smoothness,400,fixed_ordinal_pooling_h1,4,100,0.897999708089382,1,0,0.02,0.0007319464319421445,12.69,93.8,,
strong_smoothness,400,independent_mondrian,0,100,0.9025111454607592,1,0,0,0.0,118.84,118.84,,
strong_smoothness,400,independent_mondrian,1,100,0.9034349868088611,1,0,0,0.0,98.97,98.97,,
strong_smoothness,400,independent_mondrian,2,100,0.9081877952343685,1,0,0,0.0,88.39,88.39,,
strong_smoothness,400,independent_mondrian,3,100,0.9045280389331011,1,0,0,0.0,81.11,81.11,,
strong_smoothness,400,independent_mondrian,4,100,0.9361181237020505,0.83,0.17,0.02,0.0007319464319421445,12.69,12.69,,
strong_smoothness,800,adaptive_approximate,0,100,0.9002567204557007,1,0,0,0.0,241.06,241.06,,
strong_smoothness,800,adaptive_approximate,1,100,0.9044428791019851,1,0,0,0.0,197.64,197.64,,
strong_smoothness,800,adaptive_approximate,2,100,0.8979269460406903,1,0,0,0.0,175.13,175.13,,
strong_smoothness,800,adaptive_approximate,3,100,0.902159925995395,1,0,0,0.0,162.39,162.39,,
strong_smoothness,800,adaptive_approximate,4,100,0.9181803034597195,1,0,0,0.0,23.78,23.78,,
strong_smoothness,800,adaptive_certified_v0_3,0,100,0.9002567204557007,1,0,0,0.0,241.06,241.06,,
strong_smoothness,800,adaptive_certified_v0_3,1,100,0.9044428791019851,1,0,0,0.0,197.64,197.64,,
strong_smoothness,800,adaptive_certified_v0_3,2,100,0.8979269460406903,1,0,0,0.0,175.13,175.13,,
strong_smoothness,800,adaptive_certified_v0_3,3,100,0.902159925995395,1,0,0,0.0,162.39,162.39,,
strong_smoothness,800,adaptive_certified_v0_3,4,100,0.9181803034597195,1,0,0,0.0,23.78,23.78,,
strong_smoothness,800,fixed_ordinal_pooling_h1,0,100,0.9035507526475394,1,0,0,0.0,241.06,438.7,,
strong_smoothness,800,fixed_ordinal_pooling_h1,1,100,0.8995650318944554,1,0,0,0.0,197.64,613.83,,
strong_smoothness,800,fixed_ordinal_pooling_h1,2,100,0.8996997757528747,1,0,0,0.0,175.13,535.16,,
strong_smoothness,800,fixed_ordinal_pooling_h1,3,100,0.897930986958048,1,0,0,0.0,162.39,361.3,,
strong_smoothness,800,fixed_ordinal_pooling_h1,4,100,0.89739262526141,1,0,0,0.0,23.78,186.17,,
strong_smoothness,800,independent_mondrian,0,100,0.9002567204557007,1,0,0,0.0,241.06,241.06,,
strong_smoothness,800,independent_mondrian,1,100,0.9044428791019851,1,0,0,0.0,197.64,197.64,,
strong_smoothness,800,independent_mondrian,2,100,0.8979269460406903,1,0,0,0.0,175.13,175.13,,
strong_smoothness,800,independent_mondrian,3,100,0.902159925995395,1,0,0,0.0,162.39,162.39,,
strong_smoothness,800,independent_mondrian,4,100,0.9181803034597195,1,0,0,0.0,23.78,23.78,,
strong_smoothness,1600,adaptive_approximate,0,100,0.8972331724844784,1,0,0,0.0,477.89,477.89,,
strong_smoothness,1600,adaptive_approximate,1,100,0.8998060878358896,1,0,0,0.0,401.52,401.52,,
strong_smoothness,1600,adaptive_approximate,2,100,0.8983225502689478,1,0,0,0.0,350.63,350.63,,
strong_smoothness,1600,adaptive_approximate,3,100,0.9018941484929804,1,0,0,0.0,321.21,321.21,,
strong_smoothness,1600,adaptive_approximate,4,100,0.9034935823874201,1,0,0,0.0,48.75,48.75,,
strong_smoothness,1600,adaptive_certified_v0_3,0,100,0.8972331724844784,1,0,0,0.0,477.89,477.89,,
strong_smoothness,1600,adaptive_certified_v0_3,1,100,0.8998060878358896,1,0,0,0.0,401.52,401.52,,
strong_smoothness,1600,adaptive_certified_v0_3,2,100,0.8983225502689478,1,0,0,0.0,350.63,350.63,,
strong_smoothness,1600,adaptive_certified_v0_3,3,100,0.9018941484929804,1,0,0,0.0,321.21,321.21,,
strong_smoothness,1600,adaptive_certified_v0_3,4,100,0.9034935823874201,1,0,0,0.0,48.75,48.75,,
strong_smoothness,1600,fixed_ordinal_pooling_h1,0,100,0.8997890402533477,1,0,0,0.0,477.89,879.41,,
strong_smoothness,1600,fixed_ordinal_pooling_h1,1,100,0.8972180389536463,1,0,0,0.0,401.52,1230.04,,
strong_smoothness,1600,fixed_ordinal_pooling_h1,2,100,0.8990128729782655,1,0,0,0.0,350.63,1073.36,,
strong_smoothness,1600,fixed_ordinal_pooling_h1,3,100,0.8970762030476738,1,0,0,0.0,321.21,720.59,,
strong_smoothness,1600,fixed_ordinal_pooling_h1,4,100,0.8972780792796801,1,0,0,0.0,48.75,369.96,,
strong_smoothness,1600,independent_mondrian,0,100,0.8972331724844784,1,0,0,0.0,477.89,477.89,,
strong_smoothness,1600,independent_mondrian,1,100,0.8998060878358896,1,0,0,0.0,401.52,401.52,,
strong_smoothness,1600,independent_mondrian,2,100,0.8983225502689478,1,0,0,0.0,350.63,350.63,,
strong_smoothness,1600,independent_mondrian,3,100,0.9018941484929804,1,0,0,0.0,321.21,321.21,,
strong_smoothness,1600,independent_mondrian,4,100,0.9034935823874201,1,0,0,0.0,48.75,48.75,,
strong_smoothness,200,independent_mondrian,ALL,100,,,,,,,,0.912934,0.8658228257761976
strong_smoothness,200,fixed_ordinal_pooling_h1,ALL,100,,,,,,,,0.9053922,0.8797735160616492
strong_smoothness,200,adaptive_approximate,ALL,100,,,,,,,,0.9103972,0.8647301979851566
strong_smoothness,200,adaptive_certified_v0_3,ALL,100,,,,,,,,0.9129555,0.8673529716589187
strong_smoothness,400,independent_mondrian,ALL,100,,,,,,,,0.9053956,0.862431806704795
strong_smoothness,400,fixed_ordinal_pooling_h1,ALL,100,,,,,,,,0.901178,0.8791500192534204
strong_smoothness,400,adaptive_approximate,ALL,100,,,,,,,,0.9053763,0.862431806704795
strong_smoothness,400,adaptive_certified_v0_3,ALL,100,,,,,,,,0.9053955,0.862431806704795
strong_smoothness,800,independent_mondrian,ALL,100,,,,,,,,0.9017164,0.8671485262965012
strong_smoothness,800,fixed_ordinal_pooling_h1,ALL,100,,,,,,,,0.9004016,0.8843658836079908
strong_smoothness,800,adaptive_approximate,ALL,100,,,,,,,,0.9017164,0.8671485262965012
strong_smoothness,800,adaptive_certified_v0_3,ALL,100,,,,,,,,0.9017164,0.8671485262965012
strong_smoothness,1600,independent_mondrian,ALL,100,,,,,,,,0.8992336,0.8740866179868321
strong_smoothness,1600,fixed_ordinal_pooling_h1,ALL,100,,,,,,,,0.8983587,0.8875127900332779
strong_smoothness,1600,adaptive_approximate,ALL,100,,,,,,,,0.8992336,0.8740866179868321
strong_smoothness,1600,adaptive_certified_v0_3,ALL,100,,,,,,,,0.8992336,0.8740866179868321
moderate_smoothness,200,independent_mondrian,ALL,100,,,,,,,,0.9128064,0.8643066991368195
moderate_smoothness,200,fixed_ordinal_pooling_h1,ALL,100,,,,,,,,0.9047296,0.8660203228404162
moderate_smoothness,200,adaptive_approximate,ALL,100,,,,,,,,0.9128064,0.8643066991368195
moderate_smoothness,200,adaptive_certified_v0_3,ALL,100,,,,,,,,0.9128064,0.8643066991368195
moderate_smoothness,400,independent_mondrian,ALL,100,,,,,,,,0.901829,0.8547250215761307
moderate_smoothness,400,fixed_ordinal_pooling_h1,ALL,100,,,,,,,,0.9000494,0.8649821825787236
moderate_smoothness,400,adaptive_approximate,ALL,100,,,,,,,,0.901829,0.8547250215761307
moderate_smoothness,400,adaptive_certified_v0_3,ALL,100,,,,,,,,0.901829,0.8547250215761307
moderate_smoothness,800,independent_mondrian,ALL,100,,,,,,,,0.9029276,0.8730411310230412
moderate_smoothness,800,fixed_ordinal_pooling_h1,ALL,100,,,,,,,,0.9020631,0.8710745702778638
moderate_smoothness,800,adaptive_approximate,ALL,100,,,,,,,,0.9029276,0.8730411310230412
moderate_smoothness,800,adaptive_certified_v0_3,ALL,100,,,,,,,,0.9029276,0.8730411310230412
moderate_smoothness,1600,independent_mondrian,ALL,100,,,,,,,,0.9004272,0.8736066957237153
moderate_smoothness,1600,fixed_ordinal_pooling_h1,ALL,100,,,,,,,,0.9002502,0.8700106164426581
moderate_smoothness,1600,adaptive_approximate,ALL,100,,,,,,,,0.9004272,0.8736066957237153
moderate_smoothness,1600,adaptive_certified_v0_3,ALL,100,,,,,,,,0.9004272,0.8736066957237153
local_discontinuity,200,independent_mondrian,ALL,100,,,,,,,,0.9123808,0.8621572176830692
local_discontinuity,200,fixed_ordinal_pooling_h1,ALL,100,,,,,,,,0.9054889,0.8225547586734439
local_discontinuity,200,adaptive_approximate,ALL,100,,,,,,,,0.9103515,0.8619538295643577
local_discontinuity,200,adaptive_certified_v0_3,ALL,100,,,,,,,,0.9126505,0.8637892815119684
local_discontinuity,400,independent_mondrian,ALL,100,,,,,,,,0.9068311,0.8595300296029222
local_discontinuity,400,fixed_ordinal_pooling_h1,ALL,100,,,,,,,,0.9037192000000001,0.8221966535559768
local_discontinuity,400,adaptive_approximate,ALL,100,,,,,,,,0.9068311,0.8595300296029222
local_discontinuity,400,adaptive_certified_v0_3,ALL,100,,,,,,,,0.9068311,0.8595300296029222
local_discontinuity,800,independent_mondrian,ALL,100,,,,,,,,0.9033338,0.8648220011484319
local_discontinuity,800,fixed_ordinal_pooling_h1,ALL,100,,,,,,,,0.9018773,0.8163370989847736
local_discontinuity,800,adaptive_approximate,ALL,100,,,,,,,,0.9033338,0.8648220011484319
local_discontinuity,800,adaptive_certified_v0_3,ALL,100,,,,,,,,0.9033338,0.8648220011484319
local_discontinuity,1600,independent_mondrian,ALL,100,,,,,,,,0.9011296,0.8737305018398883
local_discontinuity,1600,fixed_ordinal_pooling_h1,ALL,100,,,,,,,,0.900697,0.8145148701378533
local_discontinuity,1600,adaptive_approximate,ALL,100,,,,,,,,0.9011296,0.8737305018398883
local_discontinuity,1600,adaptive_certified_v0_3,ALL,100,,,,,,,,0.9011296,0.8737305018398883
no_ordinal_structure,200,independent_mondrian,ALL,100,,,,,,,,0.9151611,0.8696196339831729
no_ordinal_structure,200,fixed_ordinal_pooling_h1,ALL,100,,,,,,,,0.8851203,0.7004466068072371
no_ordinal_structure,200,adaptive_approximate,ALL,100,,,,,,,,0.9151611,0.8696196339831729
no_ordinal_structure,200,adaptive_certified_v0_3,ALL,100,,,,,,,,0.9151611,0.8696196339831729
no_ordinal_structure,400,independent_mondrian,ALL,100,,,,,,,,0.9050277,0.8617533017390894
no_ordinal_structure,400,fixed_ordinal_pooling_h1,ALL,100,,,,,,,,0.8790356,0.689830421786858
no_ordinal_structure,400,adaptive_approximate,ALL,100,,,,,,,,0.9050277,0.8617533017390894
no_ordinal_structure,400,adaptive_certified_v0_3,ALL,100,,,,,,,,0.9050277,0.8617533017390894
no_ordinal_structure,800,independent_mondrian,ALL,100,,,,,,,,0.9016735,0.8646829271900709
no_ordinal_structure,800,fixed_ordinal_pooling_h1,ALL,100,,,,,,,,0.8781079,0.6902199339704145
no_ordinal_structure,800,adaptive_approximate,ALL,100,,,,,,,,0.9016735,0.8646829271900709
no_ordinal_structure,800,adaptive_certified_v0_3,ALL,100,,,,,,,,0.9016735,0.8646829271900709
no_ordinal_structure,1600,independent_mondrian,ALL,100,,,,,,,,0.8991577,0.8734495379607707
no_ordinal_structure,1600,fixed_ordinal_pooling_h1,ALL,100,,,,,,,,0.8766844,0.687261693079811
no_ordinal_structure,1600,adaptive_approximate,ALL,100,,,,,,,,0.8991577,0.8734495379607707
no_ordinal_structure,1600,adaptive_certified_v0_3,ALL,100,,,,,,,,0.8991577,0.8734495379607707
